subvolume_id,n_per_orientation,total_sections,E_median,E_q1,E_q3,E_p05,E_p95,A_ref,A_sparse_median,A_sparse_q1,A_sparse_q3,abs_A_error,eta_sparse_median,phi_rms_median,orientation_reliable
G00,1,3,0.16546884327408773,0.11551648417004375,0.22500960153958108,0.07355837391228753,0.29872847743177655,1.2333084494598203,1.3673646155559929,1.2936371908331676,1.4428774403894407,0.13405616609617255,0.058597607471911534,0.026874593768080726,False
G00,3,9,0.08633526176254609,0.06648100533626344,0.11096566569042124,0.049770215313220206,0.13780581633434907,1.2333084494598203,1.2971619081873063,1.2624486519928277,1.329805944448148,0.06385345872748593,0.09457609650275026,0.013867568358041156,False
G00,5,15,0.06816154387142051,0.052445224034733465,0.08124126017763061,0.0308321351024457,0.11638370172027324,1.2333084494598203,1.2954575613194823,1.2585432975533646,1.325186611447399,0.06214911185966199,0.10081569286089062,0.009992708772063336,False
G00,7,21,0.05956953517427453,0.0415904776547584,0.0736054345099828,0.025246714186055657,0.08876393453628416,1.2333084494598203,1.293061475946014,1.2686715738415362,1.31491426116709,0.05975302648619363,0.10437541033884457,0.008204999647793743,False
G01,1,3,0.18003221355314133,0.13930722315201655,0.23311397154921332,0.07996035672621041,0.29723754617800724,1.1888203033320672,1.3215114410756112,1.242534793150353,1.4231329959501897,0.13269113774354402,0.06013291181366362,0.02561428725922192,False
G01,3,9,0.09793977097251441,0.0751593661138501,0.12317057828176514,0.04259487315117308,0.15853394883692148,1.1888203033320672,1.2246846658509267,1.1869333651132936,1.2800910241080254,0.035864362518859494,0.11705274646568928,0.01797524609886588,False
G01,5,15,0.06771034618883678,0.049251141065748454,0.08680292354988073,0.03924764314567607,0.11162524696287791,1.1888203033320672,1.2099924254131273,1.1813001237237977,1.2411326402996057,0.02117212208106012,0.12593077606114927,0.012511858485437264,False
G01,7,21,0.0521618483685644,0.0420602389866305,0.0632151332290206,0.030301042400906125,0.08074670252577437,1.1888203033320672,1.1960577987762857,1.1710927604167505,1.2217514833593854,0.007237495444218478,0.1293828402500345,0.009639746555093524,False
G02,1,3,0.15724711829315363,0.12218835467612926,0.19136697581509227,0.07212852315552074,0.2363375598693742,1.1924246513596142,1.2886776297387725,1.2207783872865332,1.348103464022142,0.09625297837915836,0.04415312872890517,0.01780918017165514,False
G02,3,9,0.0911038879548429,0.07025859939479187,0.1076775121707535,0.03774746384191625,0.13284098041922404,1.1924246513596142,1.221940017556061,1.1776587884949432,1.2540387538444688,0.0295153661964469,0.08311797645622651,0.010958051325566352,False
G02,5,15,0.06728227934837833,0.055176357038477376,0.08140538123707351,0.034467869065211494,0.10603344499828121,1.1924246513596142,1.2019341118953741,1.1767149953970206,1.2276973200461478,0.009509460535759962,0.08550142762647127,0.007274460921344417,False
G02,7,21,0.05188716113773838,0.04257686170649257,0.06392425187501062,0.027737121841436195,0.07741248731203469,1.1924246513596142,1.1918595646123336,1.1767435632278849,1.209490327546709,0.0005650867472806187,0.08842374637994697,0.005936896044487678,False
G03,1,3,0.21673406763334407,0.18338729460455563,0.25894792994127047,0.1272614835583085,0.3628082491100866,1.1780859067613885,1.3168606107020346,1.2260412562152148,1.4031491382958263,0.13877470394064617,0.06764114135561872,0.025610511999525014,False
G03,3,9,0.13187463640235964,0.11222826979323083,0.15866328897803605,0.08033879588586924,0.19827638431753894,1.1780859067613885,1.198065103623791,1.1490824131627293,1.2380773070844155,0.01997919686240257,0.11485437147419023,0.013320532066234729,False
G03,5,15,0.10711373022497124,0.08979276002220646,0.1266202675453608,0.06819403517020735,0.1477200729017037,1.1780859067613885,1.1603664249547507,1.1300132973072858,1.1918571580239377,0.017719481806637738,0.12186734868767181,0.008651253773471007,False
G03,7,21,0.09264411689904953,0.0827584865044782,0.10612887779784412,0.06769997070040272,0.12719265328700982,1.1780859067613885,1.1525020591113158,1.1297134238160387,1.1755996886845865,0.02558384765007271,0.12849603836925738,0.006350299528590922,False
G04,1,3,0.2575274604407055,0.18752164160393403,0.34059618067983943,0.1214740839748262,0.48118007790912815,1.2646030482440807,1.4538076000920968,1.3283206105860965,1.615950983515405,0.1892045518480161,0.12084179772480669,0.021413996981591715,False
G04,3,9,0.1347523376575061,0.10038877753025863,0.16836944612771682,0.06063058955428243,0.24742425073901084,1.2646030482440807,1.2932562833353058,1.2307066372713023,1.3539343319255952,0.028653235091225193,0.1933970958746591,0.010975218688429971,False
G04,5,15,0.10062061052536203,0.07571654114243845,0.12517042391980684,0.049869857836745565,0.17240861322027207,1.2646030482440807,1.2620114586620985,1.214182194243391,1.307489204220214,0.0025915895819821344,0.20903428928153028,0.008454422526709427,False
G04,7,21,0.08508779874715712,0.06539285524130911,0.11120370927986589,0.043703957967727323,0.14421334465256405,1.2646030482440807,1.2500821502215902,1.2127304899983917,1.279841469546488,0.014520898022490458,0.21300616425622,0.0060335823157645465,False
G05,1,3,0.18636480475641112,0.14040155099474458,0.24272942010270013,0.08027238127989537,0.3126427124945663,1.1215405739841444,1.3038812139571363,1.2380975307195046,1.377572248959183,0.18234063997299188,0.06466005612979528,0.017937348543036215,False
G05,3,9,0.09856520520897111,0.0780416195804187,0.12300586265794947,0.04925458742421909,0.16452871026283775,1.1215405739841444,1.1829525587307943,1.1480986246961722,1.2306494574166864,0.061411984746649884,0.13794243528225292,0.01305805692855433,False
G05,5,15,0.06742370451687395,0.052294492043599365,0.08549148188641209,0.03662620378951609,0.11366585323911144,1.1215405739841444,1.162753889683383,1.1463832050193825,1.1950985610355276,0.04121331569923847,0.14367887197571266,0.00845351088945017,False
G05,7,21,0.05304878693355782,0.042607889989763455,0.06582036098526664,0.027630566724875277,0.08676730199955528,1.1215405739841444,1.1634823820146147,1.1399061311869474,1.1862006546916126,0.04194180803047032,0.14342698974446152,0.00678000385939973,False
G06,1,3,0.1709991609789844,0.12652142011004738,0.22874350175274505,0.08802343379072071,0.3198340566146518,1.1069623367529824,1.2698691171396619,1.2261590010214682,1.3435832897217315,0.1629067803866795,0.05834645122817226,0.028416860094407075,False
G06,3,9,0.10406504210932928,0.08151714042019001,0.1327904973974661,0.05094591911608711,0.16712678455319763,1.1069623367529824,1.1971926273738538,1.164752943728362,1.2350137766992233,0.0902302906208714,0.1147666812639714,0.013665256782893254,False
G06,5,15,0.0851465258518058,0.07006357694215284,0.10171309936589856,0.051057847063894636,0.13157157459663446,1.1069623367529824,1.1818477435142423,1.155691399950613,1.2066180777377136,0.07488540676125988,0.1275759994661887,0.010762464573231836,False
G06,7,21,0.07397762848297482,0.060502382905365845,0.08960053371729153,0.04229334015005816,0.10538552875642343,1.1069623367529824,1.175741485236858,1.1560492566585883,1.1922348591226428,0.06877914848387556,0.13679756913060342,0.00805635087376207,False
G07,1,3,0.18756496682902796,0.15399731102208208,0.2288214962288806,0.1017434752829231,0.3350283879086396,1.188699457331085,1.3101494268153586,1.2345882540320507,1.4260270614737456,0.12144996948427367,0.06786705827267239,0.02789019315350412,False
G07,3,9,0.0935349556439955,0.06976186577283033,0.1226666078667799,0.04972528377169977,0.17341768039751024,1.188699457331085,1.2171096495023348,1.1678610502585416,1.2651770304050245,0.02841019217124985,0.11359267113845567,0.016042391037297724,False
G07,5,15,0.06849865633024876,0.049020720067430884,0.08565650626245692,0.03240554154593117,0.11504253201277011,1.188699457331085,1.1954999173466119,1.1697670710373114,1.2369163718171614,0.006800460015526921,0.12264689515602856,0.011348081033577297,False
G07,7,21,0.050953319539666364,0.04131315285385436,0.06757587965633284,0.029566576819079902,0.09380679498676402,1.188699457331085,1.1934698734354896,1.161472724827382,1.2239513411910694,0.004770416104404651,0.12321912763144396,0.009113815557921488,False
G08,1,3,0.15141518952513502,0.11527615707799418,0.19011708382633075,0.0744314842975261,0.27350187227774914,1.2545141928859807,1.3542611010971402,1.2419463997617481,1.4028421055994258,0.0997469082111595,0.057804185935785055,0.025107475660751433,True
G08,3,9,0.09150550778915985,0.06951491254733227,0.11033591581245875,0.0423786538681703,0.1624514284501183,1.2545141928859807,1.2797805522342003,1.244434560091101,1.3155532061807609,0.025266359348219636,0.09422076571101384,0.012383395006460612,True
G08,5,15,0.07379556808111393,0.05452783698254064,0.09269553148451101,0.03427555414544769,0.1240890190503007,1.2545141928859807,1.2574963529897953,1.2341339449435338,1.2972356483180942,0.0029821601038146905,0.10176820483074847,0.009147634577910783,True
G08,7,21,0.06078448332720175,0.047344545677771535,0.08103079370563285,0.026944211941996404,0.10067671003581603,1.2545141928859807,1.2541226927555178,1.2346538348762905,1.2740489825979295,0.0003915001304628518,0.10491488965813776,0.007240758558946885,True
G09,1,3,0.1766708394454238,0.13773321091855736,0.2324708149774818,0.08202170076065876,0.3251676295590466,1.2443181619658943,1.3234444892206123,1.2200723931826185,1.3977127804784348,0.07912632725471802,0.07396497480711509,0.020454424885455694,False
G09,3,9,0.10060247481031678,0.08175876454360514,0.12991197521079859,0.058445529833798755,0.17737434414834108,1.2443181619658943,1.2653461660054663,1.2133973900428545,1.3125998140982609,0.021028004039572057,0.1155261015600125,0.012032413235176512,False
G09,5,15,0.07496803443116885,0.05893957425975125,0.10061181218379132,0.03843261326434844,0.13121341952808568,1.2443181619658943,1.2380573680307587,1.2131862015142696,1.2731173533421807,0.006260793935135567,0.12132797045313254,0.008679972723916405,False
G09,7,21,0.0673167102707757,0.05307132397445594,0.0856364283675704,0.03463181581736767,0.11211110240357951,1.2443181619658943,1.2309542010175094,1.2128206783491389,1.246672001138014,0.013363960948384879,0.12314168820025091,0.006275848376422826,False
G10,1,3,0.21164805499845013,0.15534275856022348,0.26767233691960973,0.0983571721477065,0.3383219047375046,1.2132540891567019,1.376228519055751,1.278202792418737,1.521117468949008,0.1629744298990492,0.07340030714099871,0.027923012702266835,False
G10,3,9,0.11884936151301509,0.09256280112795076,0.14889629552106226,0.0547120057113629,0.19557155292453196,1.2132540891567019,1.3064778504675951,1.2355776543054235,1.3663842284346204,0.09322376131089327,0.11745606832550293,0.016530218922870474,False
G10,5,15,0.08381735548166783,0.06997182431256067,0.10385590329257545,0.04436767579648866,0.14430744494055678,1.2132540891567019,1.2828083166795485,1.2415314641652704,1.3195551955980205,0.06955422752284668,0.12531938657513852,0.010439963877104481,False
G10,7,21,0.07880787737602893,0.06402588295817291,0.09274109870446265,0.05122151409477609,0.11447488891132003,1.2132540891567019,1.2705001140230308,1.2493891703362596,1.3018918554937027,0.057246024866328904,0.12856644870261008,0.008467246736437265,False
G11,1,3,0.1752008147676571,0.12974037125787014,0.2244598902742861,0.09220583000845056,0.3046934962192683,1.1043763265847821,1.2501795180685598,1.1851895470563338,1.3153331191068487,0.14580319148377763,0.06973605306578012,0.02753315152190206,False
G11,3,9,0.10280134288346976,0.08156537951547227,0.12688568723367868,0.061389599405039026,0.1519821028950767,1.1043763265847821,1.1595860099307227,1.1334734889407072,1.1969616741284148,0.05520968334594056,0.10475810509631653,0.015931857398064013,False
G11,5,15,0.07424804793942091,0.06100520171045522,0.09211816342994568,0.045364849683370595,0.12227033100738104,1.1043763265847821,1.131274221256952,1.1134969191260435,1.1600494968696422,0.026897894672169853,0.11021123241295436,0.010526322437152492,False
G11,7,21,0.0641191547125793,0.052780860890308576,0.07737969753297841,0.03821403617208123,0.09462806261135392,1.1043763265847821,1.1269777983012244,1.1073258298347435,1.1439602293415188,0.022601471716442223,0.11443734773166261,0.00903817365386565,False
G12,1,3,0.1714474911715611,0.12939539287053992,0.19764089789334754,0.09308401380013427,0.26608488474573333,1.1249730298277718,1.268993990874097,1.2074375585340567,1.3280908848364632,0.14402096104632522,0.0505978006058183,0.02024176459542474,False
G12,3,9,0.09179111227638782,0.07396121965385237,0.11124268664609924,0.044198439186361016,0.13769178637691717,1.1249730298277718,1.1883820433180692,1.1524736510803562,1.2205078877089517,0.06340901349029737,0.08098652705912066,0.011384584136710715,False
G12,5,15,0.06958286191924232,0.05790715912418455,0.09000194248474903,0.03967294802212637,0.10948182618142167,1.1249730298277718,1.1760029101169236,1.148382631532447,1.1991239135933958,0.051029880289151786,0.08523588313512569,0.00803196347547401,False
G12,7,21,0.05799804954865561,0.04845002179243025,0.06889198819447492,0.033990812773587814,0.08652676844679846,1.1249730298277718,1.17268536636753,1.1548851061423595,1.1883633964959648,0.04771233653975826,0.08701999098489303,0.006177789051854225,False
G13,1,3,0.2062858050097257,0.1668399062821953,0.27671642876791946,0.12949270116222938,0.41382609949030197,1.1305540126878935,1.343956816966249,1.2849743847581092,1.4412363089668447,0.21340280427835556,0.08103862044534374,0.024620381198858888,False
G13,3,9,0.12245817862709127,0.09156405861812748,0.15335662943723916,0.0692721721840296,0.203684602609848,1.1305540126878935,1.2377133021520568,1.2001094974806266,1.283303637737666,0.10715928946416331,0.14262300272089773,0.012451162134876492,False
G13,5,15,0.09127471690473853,0.07393116685349999,0.1183279490199638,0.04713237619133442,0.15098972634938437,1.1305540126878935,1.2074757721567386,1.1735301372905653,1.2387494504912655,0.07692175946884516,0.15527566703155365,0.009496264401887828,False
G13,7,21,0.0753189002627464,0.06062847809684436,0.09196838261564153,0.03943058275945676,0.11752692476192377,1.1305540126878935,1.1907017507782611,1.1669573203647376,1.2132910410250741,0.060147738090367664,0.17301017248390177,0.0068707759706226855,False
G14,1,3,0.16382927706717684,0.13353432734580228,0.20011784497278937,0.09584363863584669,0.24140570519233195,1.157834699146013,1.264924749002844,1.2174121808928346,1.3248720587986282,0.10709004985683102,0.05112866097337999,0.01803836545867083,False
G14,3,9,0.08844262562213452,0.07179183334126113,0.10714685610616338,0.04014020931107978,0.13430315929393966,1.157834699146013,1.193179377849742,1.158940090081631,1.2245862379093773,0.03534467870372904,0.07909143827890801,0.009679593678691466,False
G14,5,15,0.06684449200335178,0.0547043733762323,0.08341583905171993,0.036824844334789775,0.10242478489653864,1.157834699146013,1.1761904025226633,1.1546695070830897,1.1998560567145284,0.01835570337665038,0.08460492193088248,0.00702704643710857,False
G14,7,21,0.054011655026842215,0.043631403844736974,0.06747791085431797,0.031232445951236778,0.08316707333601799,1.157834699146013,1.17044905626085,1.1511768979836448,1.1865390013515178,0.01261435711483716,0.08634306063731684,0.005282598492376356,False
G15,1,3,0.188361151494709,0.14700523596093354,0.23852965594987416,0.09003073563238806,0.3306974976179276,1.1246973019381703,1.2795360263749327,1.203899711370222,1.3600030126631981,0.1548387244367624,0.06961421646167325,0.031291162943831274,False
G15,3,9,0.10655864378555206,0.08569250599222829,0.1376349679982142,0.056638069443692984,0.17829167661240472,1.1246973019381703,1.1757907862094712,1.1360147591581566,1.220806972819234,0.05109348427130089,0.11329416686732126,0.0181532347030584,False
G15,5,15,0.08300258180773853,0.06604341922097892,0.09851187833779308,0.044119195225923155,0.12274040936720543,1.1246973019381703,1.1460414270986814,1.1177645082335474,1.1792877195371583,0.021344125160511096,0.11973787455255626,0.012753037428065515,False
G15,7,21,0.06840052970250801,0.055586182704903286,0.08113115414980379,0.03895988218928615,0.0997700555248686,1.1246973019381703,1.1374797249107629,1.1142990692491377,1.1607269599497099,0.012782422972592578,0.12444987085482799,0.009749646730583579,False
G16,1,3,0.19421931252225627,0.14947481688368489,0.24210367502584967,0.10314689173437078,0.329817096960299,1.1714388552355979,1.330331603688038,1.2595811962630759,1.428097545619946,0.15889274845244006,0.06770688878056147,0.02805651496057066,False
G16,3,9,0.11021956509622827,0.08649657934699409,0.14325673431673397,0.0560133698063017,0.19111356222658143,1.1714388552355979,1.2639524971847749,1.2148969960923668,1.3150922439686936,0.092513641949177,0.11532076615226261,0.015693985592376683,False
G16,5,15,0.08692630224038828,0.06888377730612255,0.11128528215077882,0.044592426839412565,0.14773237633856134,1.1714388552355979,1.242849137515562,1.203261028927121,1.2853536651417894,0.07141028227996404,0.1232288216243475,0.011421434686104098,False
G16,7,21,0.07113455223624116,0.05632233418838935,0.09106275795683628,0.03878217360023143,0.118656590836504,1.1714388552355979,1.2484302892351153,1.2052644357215834,1.2757371501580757,0.07699143399951747,0.12846670186656617,0.00874941164752003,False
G17,1,3,0.15405774710198344,0.1220744914158409,0.18568689447699982,0.08502247617037935,0.2527398819497566,1.2118937452568719,1.3087564522753223,1.2515583422815935,1.3575352389075814,0.09686270701845046,0.05187277835758436,0.01707455994766215,False
G17,3,9,0.07906620237598748,0.06530295954940261,0.10066223973700374,0.039484897915141426,0.12624631286611973,1.2118937452568719,1.236027809484444,1.2104186724043193,1.2763510430103449,0.024134064227572027,0.08170730931506504,0.009305197584751367,False
G17,5,15,0.057652680503295126,0.04404033942059044,0.07022968392480855,0.031151293588156395,0.0940918472738989,1.2118937452568719,1.2292529771118335,1.2036002591034503,1.2545331940622009,0.017359231854961577,0.08757983073300155,0.006740324707501578,False
G17,7,21,0.04661694717608367,0.038351356942710475,0.05595198741129409,0.027026609075544532,0.06989437008714225,1.2118937452568719,1.2195416321971022,1.2053184689387968,1.2423563757493667,0.007647886940230331,0.09242431749584173,0.004954105245687776,False
G18,1,3,0.21301133937629976,0.16917478092257623,0.26287960145429684,0.11042990258620528,0.35899030881938004,1.317335870208106,1.4993714729425345,1.3653130991493918,1.6136074249639871,0.18203560273442854,0.07140856007976215,0.02728143793577598,True
G18,3,9,0.13191935997589926,0.10303033764349225,0.15446028061228542,0.0694565454797351,0.2069935380659504,1.317335870208106,1.4319807041927375,1.3687666794730526,1.491733362435975,0.11464483398463154,0.11975615813960326,0.016207272567372397,True
G18,5,15,0.0998114653134149,0.0789788425111186,0.13089699495868917,0.04987961622992907,0.1668039328178643,1.317335870208106,1.4112524543805935,1.3694221245326514,1.4549563699610963,0.0939165841724876,0.1267753385773363,0.011292218701069912,True
G18,7,21,0.0922109463992827,0.0726549860748523,0.11553306808795773,0.05407832145599534,0.14018901914666346,1.317335870208106,1.4103219675646712,1.3795590188994367,1.4468271679947888,0.09298609735656527,0.13006063820759406,0.008000088369561117,True
G19,1,3,0.17692757878973647,0.14779455838635747,0.20754722334626846,0.09605059602311403,0.2522260798713246,1.2850257383651698,1.3807304121384403,1.3157854586935827,1.4587788066206482,0.09570467377327052,0.06035847881496091,0.021322215280279402,False
G19,3,9,0.08739994229463535,0.06828179715891344,0.11257939443900145,0.044594758628144084,0.13904626503799042,1.2850257383651698,1.303273704732756,1.2674277195047328,1.3441974535912304,0.0182479663675863,0.09982734671574861,0.011370434061261932,False
G19,5,15,0.0667754093461716,0.0514872711473663,0.08162812881214108,0.031707812826360454,0.10917530068097123,1.2850257383651698,1.2935002014419303,1.2717219976338172,1.3250027910900526,0.008474463076760586,0.10440958121318608,0.007912271903094254,False
G19,7,21,0.04639618768360782,0.03704595241933854,0.05926184101018844,0.023778348628235437,0.0798711873420233,1.2850257383651698,1.2933793340051478,1.2711332901593368,1.3125958960812232,0.008353595639978062,0.10765952114592202,0.0062557928094300165,False
G20,1,3,0.1707837844080562,0.12996402027147766,0.21479966517062088,0.08453606760399567,0.31356386343913095,1.2542220379027502,1.3822680292044172,1.2957920140066959,1.495112132982318,0.12804599130166694,0.06312811993081124,0.02001614693297426,False
G20,3,9,0.09317911338611368,0.07118103141526795,0.11966339642426424,0.048496549661471246,0.16607684821011212,1.2542220379027502,1.3136546642876938,1.2712406308336859,1.357835260838427,0.05943262638494362,0.10482124891356184,0.011853014492198303,False
G20,5,15,0.0690899346828091,0.05346523077882825,0.0886270285044655,0.03645631235850892,0.1265449509053674,1.2542220379027502,1.295733276714265,1.2693955526494587,1.3249978254643726,0.04151123881151486,0.11149723474604314,0.00823409570778201,False
G20,7,21,0.05997684489246422,0.04821459779431084,0.07485602084930149,0.036203793175541885,0.09762084961394334,1.2542220379027502,1.2978277623978043,1.2720961553323624,1.3214358807383804,0.043605724495054066,0.1137468621985036,0.007414837111816067,False
G21,1,3,0.2101909162246546,0.16876544457574252,0.2551841857709647,0.11225811532791503,0.32334841931301284,1.2553603350428437,1.3660694602618149,1.301029730244739,1.440925663198079,0.11070912521897114,0.07264907801633609,0.02783643890899383,True
G21,3,9,0.11218572625040854,0.0930486229066417,0.1312974958194712,0.05982300275089324,0.18218196660856723,1.2553603350428437,1.2515012783392268,1.2032862711516321,1.3043806836485723,0.00385905670361697,0.11908273909461048,0.016143248544735127,True
G21,5,15,0.0890818044395959,0.06900887315928401,0.1096397662186821,0.042761140345023145,0.13598014625979138,1.2553603350428437,1.2308247038993634,1.1993954570431529,1.2596642378117933,0.02453563114348034,0.13055204011439367,0.01115541952622352,True
G21,7,21,0.07087899254256248,0.05658353259015605,0.0845877946760824,0.03997934205122482,0.10751156736732705,1.2553603350428437,1.2155614245440494,1.1948351064037945,1.2452986714509664,0.03979891049879436,0.13716700543020682,0.00779516648748284,True
G22,1,3,0.17804865606383824,0.14331117062254875,0.21218948933133885,0.10706995370291199,0.29591132326043323,1.2002917636882087,1.3189668286913594,1.2547759809780363,1.402947655268129,0.11867506500315073,0.05529319927535719,0.01798855220308864,False
G22,3,9,0.09539997617977898,0.07498850408152478,0.12203523395127583,0.05571433139814731,0.16037122167319975,1.2002917636882087,1.2181974935338071,1.1894441060816772,1.2560642690354686,0.01790572984559846,0.0892032502580447,0.01066016702937396,False
G22,5,15,0.0707551116355797,0.05458372297954537,0.08697021329276464,0.03323369811675661,0.11402923487963845,1.2002917636882087,1.195604954405503,1.1721779677025286,1.2195459069140568,0.004686809282705706,0.09378404695231234,0.008156542630925342,False
G22,7,21,0.05848645115521271,0.0481706141795556,0.0711914645915205,0.03311693582918811,0.08498878366809752,1.2002917636882087,1.1861705416483104,1.1679397609101672,1.200738870956493,0.014121222039898296,0.09576736698713001,0.006847490846928634,False
G23,1,3,0.20370297870862764,0.1679874654997881,0.2641972224535313,0.10105067552519385,0.3899559600004717,1.2622835366574883,1.3438588616707003,1.2543407525333623,1.4641623607529732,0.08157532501321207,0.08417006410311936,0.02489105585380419,False
G23,3,9,0.1211534530537791,0.0958195498080489,0.15091506875402133,0.06778114103944226,0.21004057280907196,1.2622835366574883,1.2430697422107873,1.2041086232288474,1.2873836488572783,0.019213794446701016,0.14106479600541022,0.013922763350985141,False
G23,5,15,0.0936773274640704,0.07872598400173116,0.11284568521881286,0.05670101939542087,0.14908192204947218,1.2622835366574883,1.2194653184214408,1.1915854655956784,1.2466723089316805,0.04281821823604748,0.15449967242408552,0.01001908765225059,False
G23,7,21,0.07854147386463396,0.06555649816305484,0.08964294201639689,0.04539367753701781,0.11286312842515746,1.2622835366574883,1.2060892619705053,1.188967118696549,1.230428818453767,0.056194274686983015,0.15739054028453575,0.007468737043815586,False
G24,1,3,0.18645412545634005,0.14760512231507722,0.22485191489754025,0.09974298140204875,0.31882546118962773,1.2170665210790013,1.2944339997682406,1.2174341237731858,1.384962078339176,0.07736747868923932,0.07082918874718956,0.021114433760364974,False
G24,3,9,0.10547732365136842,0.08149664409966537,0.12646708152346423,0.05841358652485836,0.16041377010112268,1.2170665210790013,1.2146419400973478,1.1775213534091569,1.259194801040981,0.0024245809816534347,0.10975822806229063,0.011159008322188822,False
G24,5,15,0.07870787259417296,0.06483020190697569,0.09468171286457937,0.0454876709895166,0.12292016672377955,1.2170665210790013,1.1946837413768583,1.158543469175592,1.230445547484569,0.022382779702142974,0.11601895465326,0.007862269856058137,False
G24,7,21,0.0643599647105548,0.04855484951890594,0.07568283157411602,0.034883658794296106,0.09758933234114489,1.2170665210790013,1.1826006506477165,1.1597885076358367,1.2038585495901821,0.034465870431284795,0.12044420343908896,0.0060249804452182695,False
G25,1,3,0.20854499565781748,0.16475477879146683,0.27245778056832537,0.11390730557154437,0.37263205757155404,1.1619691860353067,1.3311074246299728,1.2581166015389225,1.4207673468126585,0.16913823859466603,0.0732755354878075,0.02264962608332887,False
G25,3,9,0.1140147472634203,0.0889611695232144,0.14332462292296166,0.05855099865538229,0.18646998132497697,1.1619691860353067,1.2195358640428875,1.166149462818803,1.2678023416784716,0.05756667800758075,0.11815693149689044,0.01382305528933632,False
G25,5,15,0.08598213023157084,0.06746462261407914,0.10401802782492403,0.049249950945075685,0.14331079143286324,1.1619691860353067,1.1961395121072032,1.163425203006805,1.2333169930975303,0.034170326071896406,0.1277755099206275,0.010498823920773403,False
G25,7,21,0.06319621060678302,0.048329540850325536,0.07481505915646516,0.03353867483273797,0.09920959507600843,1.1619691860353067,1.1780230575536983,1.1514604456972952,1.2046117775534417,0.01605387151839155,0.1296894076743397,0.008864766976389514,False
G26,1,3,0.17057966365161709,0.13605222212531815,0.21127756670992737,0.09147599262234096,0.2551021278737012,1.241549942078636,1.3205073721535,1.248878168320508,1.414431663840058,0.07895743007486389,0.05740096179004032,0.02196110584803905,True
G26,3,9,0.08891442679786021,0.07330515377738384,0.11349596544811116,0.04787970461102509,0.14443625409674227,1.241549942078636,1.2666834304373347,1.215767433027135,1.3140668999041831,0.025133488358698663,0.09749453572217756,0.012108272753650274,True
G26,5,15,0.06558167494634838,0.053698758561598045,0.0800905005660967,0.0315372770025094,0.10209736566054123,1.241549942078636,1.2526661173606906,1.216044520503385,1.2959025112891565,0.011116175282054552,0.10243357559740199,0.008629036324434812,True
G26,7,21,0.051449526511185055,0.038031753407054,0.06292693450064818,0.02323397628484348,0.0821137686036002,1.241549942078636,1.238390822113638,1.215408706756398,1.2648316498391012,0.0031591199649980695,0.10419387376008094,0.006306078219415775,True