subvolume_id,n_per_orientation,total_sections,E_median,E_q1,E_q3,E_p05,E_p95,A_ref,A_sparse_median,A_sparse_q1,A_sparse_q3,abs_A_error,eta_sparse_median,phi_rms_median,orientation_reliable,n_attempted,n_valid,n_invalid,valid_fraction
G00,1,3,0.2289414380227822,0.1716982044684663,0.2960135701566014,0.09243126461223529,0.4246970125413556,1.1597684339651926,1.3839958231501568,1.291372893099884,1.5136224913023675,0.2242273891849642,0.09803716099829762,0.002673906322457374,False,200,200,0,1.0
G00,3,9,0.1290849643654879,0.08771652058763749,0.1606915067172446,0.047937154541853336,0.2332478344183283,1.1597684339651926,1.2833828920567707,1.2198364110114912,1.364056256058699,0.12361445809157812,0.14508618041489196,0.001624072558232441,False,200,200,0,1.0
G00,5,15,0.09823400191664682,0.07008876580756213,0.13593585159570812,0.03929036815724328,0.18642035505874732,1.1597684339651926,1.2634006272418854,1.2185980754728258,1.3100651469398237,0.10363219327669282,0.17189113144200338,0.0013617012812551343,False,200,200,0,1.0
G00,7,21,0.08403390045117307,0.06235942881226271,0.10643552385055915,0.04165094492496913,0.14602326357750922,1.1597684339651926,1.252368328646189,1.2153602193482986,1.2911296874567961,0.0925998946809965,0.17248697622501072,0.0011889016018713956,False,200,200,0,1.0
G01,1,3,0.4076369548466863,0.2974581707775371,0.5911543125751435,0.18318898722370158,1.10041336765629,1.3058048491940109,1.5938784278469453,1.4241986065468386,1.9488417714764803,0.2880735786529345,0.18305348574879524,0.04246854767302938,False,200,200,0,1.0
G01,3,9,0.30193599219640005,0.22031883537708108,0.3931720421370503,0.1333099187671906,0.5291723439130811,1.3058048491940109,1.3921665045036584,1.3126570633722885,1.5223625205279845,0.08636165530964757,0.3178859584727768,0.020208910919292417,False,200,200,0,1.0
G01,5,15,0.28016448761255497,0.21775417682008943,0.3346431044069421,0.1599516693612617,0.4395389561390389,1.3058048491940109,1.3307088205362436,1.2407637301353311,1.414404089840612,0.024903971342232767,0.33704523377262857,0.012723412839641107,False,200,200,0,1.0
G01,7,21,0.28487360129159545,0.23811182460923458,0.3317365773637958,0.15725572599490872,0.3850097976166279,1.3058048491940109,1.3313887743119082,1.2499944183073082,1.3962350388803417,0.02558392511789731,0.3406503481652672,0.009800901445514806,False,200,200,0,1.0
G02,1,3,0.3454708639294308,0.2661329361011683,0.4353236552074654,0.15180223954667638,0.5880081418190592,1.4246813900828912,1.6315993207135757,1.4711452316566347,1.7716079187641398,0.20691793063068453,0.16939348073959237,0.02075404729741375,True,200,200,0,1.0
G02,3,9,0.16677214892866643,0.13567691835142007,0.2267773178675346,0.09917095593269114,0.3390405442392045,1.4246813900828912,1.404506022823591,1.332022028294351,1.489580416651934,0.020175367259300137,0.27343471195818403,0.01242611189196859,True,200,200,0,1.0
G02,5,15,0.12920716782268737,0.10982570788952283,0.1591110998556039,0.07768431738204755,0.2117153867945267,1.4246813900828912,1.363940238214735,1.3071612202525993,1.428383810641837,0.06074115186815621,0.29437547408140396,0.009132901995037745,True,200,200,0,1.0
G02,7,21,0.11814164834464659,0.09948147990637475,0.14155562421958154,0.07864301105832158,0.1828680867754781,1.4246813900828912,1.3396938566225973,1.310227283012273,1.3736059623216617,0.08498753346029386,0.30261568011233775,0.00786352241391641,True,200,200,0,1.0
G03,1,3,0.5388368802937582,0.430288729234327,0.9106360763877214,0.2734419510746772,340.66338904327944,1.4353682860942634,1.918171437597354,1.6152656059291026,2.710505921323099,0.4828031515030906,0.21072185257420417,0.07373390116826589,True,200,200,0,1.0
G03,3,9,0.49356277299358897,0.38177721215407123,0.7241442168820509,0.2726844616771839,1.6388744771857908,1.4353682860942634,1.6557421711322373,1.4002993111477013,2.3451938288355954,0.22037388503797395,0.31676730952534526,0.03685256623218201,True,200,200,0,1.0
G03,5,15,0.5000521028645448,0.3558217569383212,0.6093330287234384,0.2777485080649987,0.9474909554383109,1.4353682860942634,1.7020913260871444,1.3235985381802087,2.015625612213246,0.26672303999288105,0.33746636207483827,0.02773799026700054,True,200,200,0,1.0
G03,7,21,0.487504930736154,0.40556222257124597,0.5652209839225326,0.30782879959268805,0.6871107343035158,1.4353682860942634,1.684722710076378,1.4860455990819335,1.9049469450062904,0.2493544239821146,0.3495011177244093,0.022414952023803378,True,200,200,0,1.0
G04,1,3,0.33455884147480924,0.1963870292759935,0.4731602313364472,0.1198969876120375,0.6945746567158629,1.2988752964270673,1.4886050398090265,1.3338050416791836,1.8264628505088276,0.18972974338195914,0.16099986213178186,0.03363877252714633,False,200,200,0,1.0
G04,3,9,0.16921846071090685,0.12656762235438312,0.23683504339458872,0.0838754994536652,0.33396151437846566,1.2988752964270673,1.2875559721011012,1.245388331864866,1.402231611049022,0.011319324325966162,0.3094566935026937,0.01810455028706017,False,200,200,0,1.0
G04,5,15,0.1424499500153762,0.10652421344969375,0.18460199035590757,0.07231819456903019,0.23917016776987643,1.2988752964270673,1.248574833177914,1.22290554623518,1.3033845900883394,0.05030046324915327,0.33174052635014784,0.010746190396016188,False,200,200,0,1.0
G04,7,21,0.12595095000415318,0.09804697940749377,0.15521386702224543,0.07325114694629568,0.1896479518133476,1.2988752964270673,1.243392889757415,1.2168478668937746,1.2883173425392878,0.05548240666965243,0.34431970720953453,0.009254669856886003,False,200,200,0,1.0
G05,1,3,0.3397345917775449,0.22905002984068645,0.5232905830048938,0.14026987271530017,0.9798018774033902,1.0955613671801427,1.4792150856584594,1.2991106350058597,1.802872688870305,0.38365371847831664,0.1782867008026251,0.030534252147575835,False,200,200,0,1.0
G05,3,9,0.2313740269260303,0.16307294270115533,0.32403155152836477,0.08408984399292764,0.4475953815408825,1.0955613671801427,1.2825267004761183,1.1991943458784062,1.436975404667403,0.18696533329597553,0.317373709589853,0.015434096286367018,False,200,200,0,1.0
G05,5,15,0.21372443433119975,0.14656012442586971,0.2710759353404093,0.06344225865925238,0.41805854921838376,1.0955613671801427,1.2362297422409938,1.158115369338816,1.3369385866765497,0.14066837506085106,0.36107423617030143,0.011540597062232316,False,200,200,0,1.0
G05,7,21,0.18771002807358,0.14372589974316916,0.232539651096058,0.08200873746138748,0.29739839558185077,1.0955613671801427,1.2028647370111023,1.1417439586798928,1.275349979677846,0.10730336983095956,0.3689095628773208,0.008923565629869012,False,200,200,0,1.0
G06,1,3,1.1267098462628349,0.6193920480188209,279.1760581216099,0.3198542015000422,304.19104252471254,1.8859755867841839,4.075007901842523,2.122029010865476,9999.999960454741,2.1890323150583386,0.37217322524723573,0.06860334403209528,True,200,200,0,1.0
G06,3,9,0.6418428700209472,0.5685569797720411,0.7728865280889872,0.3864863136476825,1.0413308700522883,1.8859755867841839,1.8434023698136026,1.5975634800191345,2.3189973780841777,0.04257321697058125,0.4730075829740713,0.03645221220539013,True,200,200,0,1.0
G06,5,15,0.6122009256146175,0.5484646201047279,0.6856003643395773,0.4489476456722451,0.8779115307437168,1.8859755867841839,1.6174849692110769,1.4700159940531727,1.9203998328619305,0.268490617573107,0.5001418360252702,0.025065185002655855,True,200,200,0,1.0
G06,7,21,0.6085455057689675,0.5586050275556169,0.6630452947794826,0.5050644283101079,0.7850196379108431,1.8859755867841839,1.6059904928750965,1.4558015026238649,1.8016373467288855,0.2799850939090873,0.5042933540742839,0.020002376321534177,True,200,200,0,1.0
G07,1,3,0.6174360683491776,0.4081781290384562,1.2830684475746859,0.20360165787332027,365.4204155231483,1.1567817304931185,1.9293762793866636,1.5064803645397464,4.249095552049975,0.7725945488935451,0.30080796673218696,0.026830012674015857,False,200,200,0,1.0
G07,3,9,0.3672331966646283,0.2612919219274228,0.5135678797244138,0.17575099788215473,0.9948187927512322,1.1567817304931185,1.5478072032441048,1.3444289710599497,1.9543849114175895,0.3910254727509863,0.4572684556696526,0.0165020105154522,False,200,200,0,1.0
G07,5,15,0.29831475303272237,0.2294767361268023,0.38808640587181814,0.13744347575463023,0.5581193705864409,1.1567817304931185,1.462085170100496,1.2999279520741769,1.6868338964828815,0.3053034396073775,0.48115755975079444,0.012270866514534913,False,200,200,0,1.0
G07,7,21,0.26019918482545235,0.2045803932062504,0.34340825875393977,0.1484008070382612,0.500955437408444,1.1567817304931185,1.4555928788218369,1.3073488223457348,1.641465493847321,0.29881114832871836,0.4944196205497563,0.01025511806758099,False,200,200,0,1.0
G08,1,3,0.541441800619927,0.38385016533717453,0.7324433896685687,0.20971929304397507,358.3281399221975,1.2246297216956876,1.8770851792389815,1.5735994953095545,2.358340218543776,0.6524554575432939,0.24685789961989513,0.039417191788601424,False,200,200,0,1.0
G08,3,9,0.2709777750850475,0.19732734512820815,0.3615495632458127,0.11378748774547406,0.494278587250236,1.2246297216956876,1.31364452402866,1.210738132642143,1.4554797720579562,0.08901480233297243,0.426282372187352,0.018783027678980373,False,200,200,0,1.0
G08,5,15,0.22833579261890388,0.18178410087339467,0.2894617852795133,0.12252863027986662,0.3767620865720606,1.2246297216956876,1.2266367484019347,1.1470404452252443,1.3088026456313995,0.0020070267062470837,0.46178628069948857,0.013484140173517647,False,200,200,0,1.0
G08,7,21,0.19868752816103413,0.15563352634131783,0.25596042759724413,0.10583000043934666,0.3128037876926138,1.2246297216956876,1.1448452719966782,1.1087312884667948,1.240057451189523,0.07978444969900944,0.4711340440326715,0.009003514157227976,False,200,200,0,1.0
G09,1,3,0.38843108152125216,0.2760181390865265,0.5391368386724722,0.16428261566675162,0.843855033964649,1.2409324374792392,1.597402424262313,1.3477579386712786,1.877533551818844,0.35646998678307384,0.18138307259995634,0.03882130695753505,False,200,200,0,1.0
G09,3,9,0.2077984990172309,0.1412078221852303,0.2926055501013908,0.08221418900215456,0.4011077663356365,1.2409324374792392,1.32076024119741,1.2604884671010246,1.3828085959784808,0.07982780371817078,0.3640103491201676,0.01998440818962302,False,200,200,0,1.0
G09,5,15,0.16630481775755546,0.10870551279965912,0.23087004204177214,0.06115057451879261,0.29867098357784394,1.2409324374792392,1.2717814381846146,1.2304426793999952,1.3206365620692182,0.03084900070537544,0.3996867643037062,0.014163156312423424,False,200,200,0,1.0
G09,7,21,0.169380240618839,0.12297756535844909,0.21193107068152958,0.07112837677815606,0.26424958352154326,1.2409324374792392,1.250116577253394,1.2157535919909352,1.2728336510422467,0.009184139774154776,0.41740453429810315,0.011204661298055883,False,200,200,0,1.0
G10,1,3,0.41339743499572507,0.3096361403564626,0.5779634672618423,0.19330730320772657,0.9099552341640554,3.0147934148292204,2.387193590680692,1.9309296264091798,3.252234801597205,0.6275998241485286,0.19802639395306457,0.029951451210082122,True,200,200,0,1.0
G10,3,9,0.44858189448215924,0.35290462033691244,0.5340748191762695,0.22773081466709097,0.6211365707800482,3.0147934148292204,2.0740079099679,1.8305838867187196,2.425238869467927,0.9407855048613203,0.2737071048923694,0.017727681082793142,True,200,200,0,1.0
G10,5,15,0.46308456795140973,0.39525604184362073,0.5037151170579746,0.3168266479936535,0.5622291126852939,3.0147934148292204,1.9992085963004587,1.884508660960812,2.201716467162869,1.0155848185287617,0.29059614305473863,0.012941091583272862,True,200,200,0,1.0
G10,7,21,0.45830214972022343,0.4211121724335532,0.49056312161179766,0.3404683303138428,0.5342201291646811,3.0147934148292204,1.9861990600315744,1.8922395988950114,2.114530055823183,1.028594354797646,0.2972127667785003,0.009941077630412826,True,200,200,0,1.0
G11,1,3,0.3785042616294805,0.26378877048887506,0.488340796936845,0.15479952451692683,0.8876714444567928,1.1417544622740725,1.5473916020323304,1.3880336182099788,1.781164818056953,0.4056371397582579,0.17095913632978987,0.04280187972569698,False,200,200,0,1.0
G11,3,9,0.2051396269123551,0.15678046920859956,0.25637881837335674,0.10561001735986542,0.3585346578160738,1.1417544622740725,1.2840221544200219,1.2089161384693086,1.3628662144077959,0.14226769214594936,0.3041907945252379,0.022583261810361275,False,200,200,0,1.0
G11,5,15,0.15102198594514182,0.12463509359652272,0.18543743104230534,0.10445531516994457,0.25166388686684454,1.1417544622740725,1.2201237236024034,1.1802420218924852,1.269415103798682,0.07836926132833089,0.3177091736598443,0.015830675704850278,False,200,200,0,1.0
G11,7,21,0.1316165226259997,0.11668549998275109,0.15343821225303772,0.09350769980722584,0.19369372886932068,1.1417544622740725,1.1917076491820342,1.1615836716595735,1.225909658697475,0.04995318690796169,0.3267547266165592,0.011898028026927791,False,200,200,0,1.0
G12,1,3,0.5079861350740229,0.36021718114653667,0.7076520701514133,0.2126627335644922,1.4996294839637379,1.4298091654924991,1.9462347403006872,1.6835716096733997,2.53156454447988,0.5164255748081881,0.26959487426133333,0.04195323766019177,False,200,200,0,1.0
G12,3,9,0.356301773747337,0.2699681237591083,0.4581702960807486,0.17556575448088022,0.6185346867892947,1.4298091654924991,1.6266039496431932,1.5017707214947214,1.7910500918251469,0.19679478415069407,0.3874210093125725,0.024749900269787274,False,200,200,0,1.0
G12,5,15,0.3058549599539402,0.2428742009631395,0.37710834577035074,0.14866128736051004,0.49881140810317126,1.4298091654924991,1.5341083545321612,1.449453557666061,1.6450500282319878,0.10429918903966207,0.3866974840929702,0.014529192812339138,False,200,200,0,1.0
G12,7,21,0.30700709204236687,0.2562475802639378,0.3637953285862705,0.18451611618687688,0.43714954239676096,1.4298091654924991,1.5245774429913825,1.4544846050889797,1.6086656247379167,0.09476827749888339,0.401779665986181,0.012553052202311614,False,200,200,0,1.0
G13,1,3,0.34315087034392766,0.22538688459088058,0.46557221303508434,0.1337875679720943,0.7436172404540036,1.297825619895529,1.5463065415930055,1.4200309816923486,1.8497431604689507,0.2484809216974766,0.16703903600246897,0.03745804371464414,True,200,200,0,1.0
G13,3,9,0.18276370046391177,0.14396453908558912,0.24151530151484465,0.09165381288892104,0.32151272490523347,1.297825619895529,1.3325328575771764,1.285135520582207,1.4065887389096514,0.03470723768164752,0.2526206597294322,0.020248559633822653,True,200,200,0,1.0
G13,5,15,0.16857437626349592,0.1290600259877046,0.20402216054955685,0.0915715560823665,0.2543430097128359,1.297825619895529,1.3011684280940807,1.2648295729936598,1.3505817771675137,0.0033428081985518165,0.29034314991934596,0.01575995010118727,True,200,200,0,1.0
G13,7,21,0.1491924664744952,0.12331774902175617,0.18106539715399844,0.0883118923207836,0.22254375195579398,1.297825619895529,1.2836447946190561,1.2581902935816438,1.3150551750662072,0.014180825276472797,0.29028600468088706,0.013758776536720134,True,200,200,0,1.0
G14,1,3,0.4401837485653961,0.29271682634562185,0.7116854810412728,0.1697928576813738,1.7054490554255683,1.174736499397312,1.6249256540117614,1.4297817950762057,2.1901958069613174,0.4501891546144494,0.22242835759672758,0.039513829808048836,False,200,200,0,1.0
G14,3,9,0.23848121860083993,0.17864965000178937,0.3051679010204763,0.11586707255334112,0.40998752594978277,1.174736499397312,1.280077309926153,1.211402884322821,1.409708119047715,0.10534081052884114,0.4248713513029868,0.019247744148227323,False,200,200,0,1.0
G14,5,15,0.1891776501211141,0.14316479417452288,0.22742910863790708,0.10719187601731361,0.2932035677546055,1.174736499397312,1.1949472517559774,1.1455031129782611,1.2565881569974917,0.02021075235866543,0.44182217884245367,0.014027354165134748,False,200,200,0,1.0
G14,7,21,0.16083432117642538,0.1372397851986511,0.18754597028928682,0.111378038634581,0.23129586500714033,1.174736499397312,1.1613679491209896,1.1269508701702424,1.2007459955269109,0.013368550276322333,0.4366591524350877,0.01100647965597716,False,200,200,0,1.0
G15,1,3,0.31812846567002423,0.22443928895542767,0.46083192065410494,0.14510353290329736,0.7841045623187951,1.3189508012275877,1.6025015985484456,1.3710813332600305,1.8694097828482938,0.283550797320858,0.15811531354748026,0.025920933846428303,False,200,200,0,1.0
G15,3,9,0.17044106093178618,0.1286877415422851,0.23292431479162873,0.08491470722357149,0.34372594726270606,1.3189508012275877,1.3469918049498446,1.2674781323739466,1.4544815991222402,0.02804100372225693,0.28349426870297456,0.014884565781919667,False,200,200,0,1.0
G15,5,15,0.125622261762935,0.0924605344394405,0.16018094390274187,0.060015081127307315,0.21847679201414297,1.3189508012275877,1.3002394664024444,1.2429470383994716,1.3711613595446335,0.01871133482514331,0.3096963124681139,0.010796772283992218,False,200,200,0,1.0
G15,7,21,0.10820356685991755,0.09009224582324404,0.12952558727346172,0.06393657408561043,0.1738376849259829,1.3189508012275877,1.2869447063152468,1.235353407971063,1.3526006576818284,0.032006094912340854,0.3114935485978117,0.008657942579013617,False,200,200,0,1.0
G16,1,3,0.3307026746040629,0.22752033845170375,0.46640568524713705,0.1486002290580549,0.8215736045832026,1.1432587270087382,1.5114737192237357,1.3468790640404311,1.746486030934995,0.36821499221499754,0.14392633081730588,0.047802503524158685,False,200,200,0,1.0
G16,3,9,0.20865236659856995,0.14172979932415147,0.2728659863061475,0.0920675682114071,0.3636951851380016,1.1432587270087382,1.3082366436062056,1.2346742288074004,1.4224083780589734,0.1649779165974674,0.23231565584045727,0.02632139037966915,False,200,200,0,1.0
G16,5,15,0.14702607402411028,0.10587328263589808,0.20110700185168648,0.07897321871888578,0.27761735675536975,1.1432587270087382,1.237831605953632,1.1898219306588,1.2956334387911843,0.09457287894489386,0.24616882900495346,0.017835745462982992,False,200,200,0,1.0
G16,7,21,0.12702897872995275,0.10169984379861226,0.15478045442414218,0.06933996644456941,0.21696781123931091,1.1432587270087382,1.2092758826726837,1.175347738238392,1.2358439914099233,0.0660171556639455,0.2488107586253501,0.0135933407625731,False,200,200,0,1.0
G17,1,3,0.23278571730545322,0.1625969517918881,0.33856928827617283,0.10776143803090861,0.5393146589256893,1.0906274331774473,1.3098809111529728,1.2003892682614006,1.4721851007330646,0.21925347797552552,0.1010707721345817,0.03144120907501484,False,200,200,0,1.0
G17,3,9,0.13185734991490033,0.08885643826782656,0.17533873509873277,0.04967425690632575,0.2528365415117396,1.0906274331774473,1.1811222766371308,1.129909631344846,1.2341933200277433,0.0904948434596835,0.22688174464064356,0.013874211902256326,False,200,200,0,1.0
G17,5,15,0.09083811878086259,0.06462690075196448,0.12761817284936738,0.038210766470440166,0.19323111947601782,1.0906274331774473,1.1289783312763206,1.0982713976990182,1.1630818705992538,0.038350898098873376,0.24826865310506838,0.008982098984894996,False,200,200,0,1.0
G17,7,21,0.0772709924863968,0.05720605419236356,0.10449500051554056,0.03553603438478114,0.1607304400602969,1.0906274331774473,1.0979146353122964,1.0763068463814784,1.1241429107902254,0.0072872021348491245,0.24412218241114453,0.00710151675435609,False,200,200,0,1.0
G18,1,3,0.2201269405581031,0.156371173845925,0.30090747830594905,0.08602520109907907,0.43529915578238976,1.2534373005068355,1.4304143697689655,1.353381162878542,1.5588211256530573,0.17697706926212997,0.1001105719828746,0.038630767770937664,False,200,200,0,1.0
G18,3,9,0.12941306313719309,0.0911696763409176,0.16332403688316519,0.0602157902728206,0.22174999065022616,1.2534373005068355,1.3285189914556836,1.2915096886150499,1.3783345747131839,0.07508169094884809,0.15960114683638288,0.019961179336185585,False,200,200,0,1.0
G18,5,15,0.08248890635876586,0.061085642955211725,0.10536345773946715,0.0378499839090194,0.14452258569019225,1.2534373005068355,1.2910557181206652,1.2613114345891203,1.3242170423706183,0.03761841761382967,0.1667974957868152,0.014965602295749711,False,200,200,0,1.0
G18,7,21,0.06604034198693699,0.05163329606199664,0.09140551858493509,0.03181770468009971,0.12297574493211039,1.2534373005068355,1.2830993582036396,1.2596888383969005,1.3047772096319665,0.02966205769680408,0.17303501601487836,0.010473696930055645,False,200,200,0,1.0
G19,1,3,0.2568482161493766,0.16971671422370213,0.3505568427633757,0.10404503701550964,0.42546352679854993,1.2288895966356692,1.466277614775938,1.3611812054760521,1.6036613662320605,0.23738801814026878,0.11105064614364843,0.03478997691616433,True,200,200,0,1.0
G19,3,9,0.13655452437100302,0.09558615073099028,0.18829048142241717,0.05292431355733517,0.28202109575609124,1.2288895966356692,1.3219043480126782,1.2797595899244898,1.3808404078004008,0.09301475137700899,0.1858308999324482,0.018976379242740714,True,200,200,0,1.0
G19,5,15,0.09872612164183052,0.07446273088292299,0.1363628671304502,0.05087949124176101,0.20560384037293866,1.2288895966356692,1.2926779968078619,1.2694084277006645,1.3196379162718699,0.06378840017219267,0.1930812603497749,0.01247142487325577,True,200,200,0,1.0
G19,7,21,0.09201257045176817,0.06666430654298858,0.12759546027946447,0.039809650968160665,0.16705206595121577,1.2288895966356692,1.2795644764282463,1.2596769029628747,1.3109514696171811,0.05067487979257712,0.19661611979540067,0.010691846717928374,True,200,200,0,1.0
G20,1,3,0.2516965689536499,0.19416204728166608,0.3265030988443274,0.10959903306424508,0.42070296089079035,1.2803912238795307,1.4821958433397864,1.3842013408705898,1.618466376911989,0.20180461946025563,0.11423495186372717,0.02940316692025577,True,200,200,0,1.0
G20,3,9,0.14363106086127586,0.10331398351295916,0.18201439413384868,0.07039009576195986,0.24306544217576764,1.2803912238795307,1.340925998138001,1.2938286541815556,1.3833112346499497,0.060534774258470314,0.164075589893024,0.014885406361699043,True,200,200,0,1.0
G20,5,15,0.09384198760938406,0.06895041216192836,0.12314095726626682,0.05063351312159167,0.1668716843495827,1.2803912238795307,1.293019414256732,1.2653759443694432,1.3303297460867225,0.012628190377201198,0.18198245244619873,0.012034199938837191,True,200,200,0,1.0
G20,7,21,0.07562589055812835,0.057383098443978514,0.09214611428686657,0.041642237236250025,0.13138777541438382,1.2803912238795307,1.2825394290520529,1.260286275808671,1.3133870314618301,0.002148205172522122,0.18753929318812482,0.010399956227125872,True,200,200,0,1.0
G21,1,3,0.53658888808758,0.3613133185878941,1.0160613722754241,0.18077398441739223,362.30926807645426,1.1628820213926092,1.8150024141185428,1.5003155117021711,3.041695975209231,0.6521203927259336,0.3282476796135652,0.05181920287465288,False,200,200,0,1.0
G21,3,9,0.29105836782020345,0.19613381974837413,0.389231783463616,0.12258668454714453,0.5867557010861207,1.1628820213926092,1.358718304418196,1.240835405435674,1.5062235047004422,0.19583628302558687,0.4960961211561943,0.023338067115448027,False,200,200,0,1.0
G21,5,15,0.22895200491467643,0.171552729357236,0.2956204207477694,0.10343844407377685,0.45018976544260514,1.1628820213926092,1.2500927663829446,1.1737387391726735,1.359534893002289,0.08721074499033543,0.5159837809852912,0.016579093290364364,False,200,200,0,1.0
G21,7,21,0.2169393751130702,0.1709702027952898,0.2693830186676268,0.11712027270288188,0.33193835718548864,1.1628820213926092,1.22206946999105,1.1731975701218689,1.2832495222578644,0.05918744859844072,0.523101233124832,0.013670844319937887,False,200,200,0,1.0
G22,1,3,0.5768058709267272,0.341708826482222,0.9248173216539657,0.19796181635194812,356.81891345034006,1.2674115324720756,1.9017664183339686,1.498108330110378,3.071318486772441,0.634354885861893,0.35909474708837175,0.04483803339179553,True,200,171,29,0.855
G22,3,9,0.31326811148535394,0.20414450885940166,0.5123231123156753,0.08881465785031256,1.2349115096432706,1.2674115324720756,1.5643062730000485,1.3070262983237533,1.9735456536808713,0.29689474052797293,0.5376320725392167,0.023869353314677905,True,200,200,0,1.0
G22,5,15,0.251530590607717,0.1638705503282034,0.3506049816604167,0.09020027960988275,0.5440353792292474,1.2674115324720756,1.4691257787948153,1.320737208333202,1.6808284439054606,0.2017142463227397,0.55048972706084,0.014451298354728106,True,200,200,0,1.0
G22,7,21,0.20763648717466038,0.15028364699697688,0.3022042398604953,0.07887162593776424,0.39957126059520254,1.2674115324720756,1.4631192992211055,1.285552323155845,1.6346262548216777,0.1957077667490299,0.5627064071067691,0.011803808045673995,True,200,200,0,1.0
G23,1,3,0.3990177537217796,0.29601935778902566,0.548750123492412,0.1655148933541289,1.7308144603754299,1.6978164674609912,1.9320979586181712,1.708952328627616,2.323411672699542,0.23428149115718,0.21083858554275103,0.05596526996309868,True,200,200,0,1.0
G23,3,9,0.2842996057969323,0.21079628567066117,0.36262360156114765,0.13957327351676024,0.4555746394670352,1.6978164674609912,1.6524354250027438,1.5297012157715484,1.7700584497955414,0.04538104245824748,0.31976929195834325,0.029062136205277662,True,200,200,0,1.0
G23,5,15,0.23620235121036093,0.18696176669753828,0.2896510072991282,0.1327094024523863,0.355690325879522,1.6978164674609912,1.5536060526843398,1.4807048642316656,1.640927226019308,0.14421041477665142,0.31779902651153397,0.020783936996335274,True,200,200,0,1.0
G23,7,21,0.22417162380123876,0.19055950575647318,0.2562769323859424,0.14321415974749102,0.30576180237816336,1.6978164674609912,1.5159588047240253,1.466690045524171,1.5696934728276266,0.1818576627369659,0.32802328095275934,0.01596775563809226,True,200,200,0,1.0
G24,1,3,0.41620235744288164,0.29993073165134876,0.5689202668835367,0.13966325041692887,1.2006890723198858,1.1698701234496096,1.6056266688586298,1.377066049420399,2.0642812386964167,0.4357565454090202,0.21849582516196908,0.03341850470250367,False,200,200,0,1.0
G24,3,9,0.2373678876658587,0.14297426394734497,0.32709359592991305,0.07557800102303894,0.4724764500286531,1.1698701234496096,1.3776987930041704,1.2328780931046208,1.5695235989857195,0.2078286695545608,0.29349583831161796,0.018057753337226395,False,200,200,0,1.0
G24,5,15,0.1934832476684059,0.13382484418373658,0.24901986589361474,0.06998383090766958,0.3556672886928449,1.1698701234496096,1.308876918936602,1.2261964514251797,1.4414729096360757,0.13900679548699246,0.31280630071899895,0.012309631279644836,False,200,200,0,1.0
G24,7,21,0.18125951471349577,0.1398142069647193,0.2192754285556083,0.08507749827867452,0.29782058612548656,1.1698701234496096,1.3205102235150485,1.2241917081166436,1.394445454662535,0.15064010006543893,0.31404065810952275,0.010093610904806267,False,200,200,0,1.0
G25,1,3,0.3872842136976824,0.291196509767028,0.5387437717058207,0.1749412263397976,1.417421714089234,1.2366603959815439,1.6261014670179366,1.444399247528089,2.016460982624628,0.3894410710363927,0.20336517161708842,0.026925936177649643,False,200,200,0,1.0
G25,3,9,0.2230681587605737,0.15611122456780813,0.2835226776209214,0.10592642812595761,0.4371855717945106,1.2366603959815439,1.3215910835223006,1.2333820544205223,1.4193590795981244,0.08493068754075672,0.3182752135857094,0.014501879583312845,False,200,200,0,1.0
G25,5,15,0.17545933435976854,0.1370908558234661,0.23505424865787636,0.0817516248587275,0.3279300870890285,1.2366603959815439,1.2693211220283147,1.1942622155280418,1.3534466573444384,0.03266072604677084,0.3280438424911039,0.011579311556235563,False,200,200,0,1.0
G25,7,21,0.13736391574680273,0.10380515771034675,0.17347059200828663,0.07617421447103333,0.229722021940683,1.2366603959815439,1.217696636655809,1.1787169108424038,1.2775164549337517,0.018963759325734797,0.336214931467844,0.008366543504965934,False,200,200,0,1.0
G26,1,3,0.5812663261079878,0.38684082197965897,1.0690701685251418,0.2242608894061204,345.6000896443878,1.3306990106404204,2.1123756862573373,1.6191230673023518,3.4858405135500115,0.7816766756169169,0.2641650474810554,0.04688676636383532,False,200,200,0,1.0
G26,3,9,0.39600153817753925,0.3266912754273259,0.5180636750897245,0.2168155390196673,0.8726342408421767,1.3306990106404204,1.5748938093926779,1.3562568049680253,1.9752717716342074,0.24419479875225747,0.36436833662133,0.0241077210557065,False,200,200,0,1.0
G26,5,15,0.37509482406096095,0.31164118940168595,0.44656465415034313,0.2169080346615968,0.6016076322295694,1.3306990106404204,1.5278166102716373,1.3528941755612132,1.8207373889257503,0.1971175996312169,0.3810571782614015,0.018717966237257036,False,200,200,0,1.0
G26,7,21,0.34998633873174884,0.29741203216139533,0.4022298090344167,0.23464030661047228,0.5108834755024008,1.3306990106404204,1.5178015703331045,1.390654843797411,1.680860841490429,0.18710255969268408,0.38454735614861135,0.014384278107702198,False,200,200,0,1.0