experiment,seed,porosity,anisotropy_true,section_size,theta_step_deg,interpolation_order,anisotropy_recovered,tensor_shape_error,orientation_error_deg,condition_number
main,503,0.15,1.0,128,5.0,1,1.3089249420548061,0.2205877117339227,nan,1.4142135623730947
main,503,0.25,1.0,128,5.0,1,1.1532406314498214,0.12040182262978867,nan,1.4142135623730947
main,503,0.35,1.0,128,5.0,1,1.178186287706982,0.13391964344289298,nan,1.4142135623730947
main,504,0.15,1.0,128,5.0,1,1.1655635214086142,0.13103717201140117,nan,1.4142135623730947
main,504,0.25,1.0,128,5.0,1,1.0868440775972628,0.07216298560361388,nan,1.4142135623730947
main,504,0.35,1.0,128,5.0,1,1.1483814730699444,0.11287422209825008,nan,1.4142135623730947
main,505,0.15,1.0,128,5.0,1,1.3173424706872048,0.22663217650571021,nan,1.4142135623730947
main,505,0.25,1.0,128,5.0,1,1.255892752014391,0.18631690786361427,nan,1.4142135623730947
main,505,0.35,1.0,128,5.0,1,1.1582735901302712,0.12434808259210268,nan,1.4142135623730947
main,506,0.15,1.0,128,5.0,1,1.1344080603499285,0.11511966595274208,nan,1.4142135623730947
main,506,0.25,1.0,128,5.0,1,1.1370213358387167,0.10489866001406432,nan,1.4142135623730947
main,506,0.35,1.0,128,5.0,1,1.1563160425579613,0.12130418094619162,nan,1.4142135623730947
main,507,0.15,1.0,128,5.0,1,1.3327016932656237,0.24055150966462693,nan,1.4142135623730947
main,507,0.25,1.0,128,5.0,1,1.3085073312404971,0.22526563739014938,nan,1.4142135623730947
main,507,0.35,1.0,128,5.0,1,1.216937882960709,0.16247956560440052,nan,1.4142135623730947
main,508,0.15,1.0,128,5.0,1,1.3922723634664302,0.272387526876637,nan,1.4142135623730947
main,508,0.25,1.0,128,5.0,1,1.2980868849057077,0.21915473848416014,nan,1.4142135623730947
main,508,0.35,1.0,128,5.0,1,1.1934425426402695,0.1441906270323634,nan,1.4142135623730947
main,509,0.15,1.0,128,5.0,1,1.1473012491775292,0.12039556521604712,nan,1.4142135623730947
main,509,0.25,1.0,128,5.0,1,1.1701110489608533,0.13086826195957624,nan,1.4142135623730947
main,509,0.35,1.0,128,5.0,1,1.2189460310658353,0.1681617509113287,nan,1.4142135623730947
main,510,0.15,1.0,128,5.0,1,1.221672573713375,0.19365206101882743,nan,1.4142135623730947
main,510,0.25,1.0,128,5.0,1,1.2227044604420754,0.1648452167343683,nan,1.4142135623730947
main,510,0.35,1.0,128,5.0,1,1.2626781851874873,0.19428572872551428,nan,1.4142135623730947
main,511,0.15,1.0,128,5.0,1,1.548313557118598,0.35475886755099234,nan,1.4142135623730947
main,511,0.25,1.0,128,5.0,1,1.5248770855874239,0.3430899006121831,nan,1.4142135623730947
main,511,0.35,1.0,128,5.0,1,1.3354600815260638,0.23522884516490408,nan,1.4142135623730947
main,512,0.15,1.0,128,5.0,1,1.2764738125632016,0.19983689142718003,nan,1.4142135623730947
main,512,0.25,1.0,128,5.0,1,1.230369461817828,0.17485857333649166,nan,1.4142135623730947
main,512,0.35,1.0,128,5.0,1,1.1784468354685744,0.14198490701327415,nan,1.4142135623730947
main,513,0.15,1.0,128,5.0,1,1.3387755499524356,0.2374950350709287,nan,1.4142135623730947
main,513,0.25,1.0,128,5.0,1,1.4389123473776029,0.3099200460606188,nan,1.4142135623730947
main,513,0.35,1.0,128,5.0,1,1.6073331247976723,0.39474059648558624,nan,1.4142135623730947
main,514,0.15,1.0,128,5.0,1,1.3445698136893456,0.2406692370676882,nan,1.4142135623730947
main,514,0.25,1.0,128,5.0,1,1.267186574602224,0.19263988922020575,nan,1.4142135623730947
main,514,0.35,1.0,128,5.0,1,1.240382603911196,0.17788962762467425,nan,1.4142135623730947
main,10503,0.15,1.5,128,5.0,1,1.4951269940758238,0.1583145651368857,25.51062929651044,1.4142135623730947
main,10503,0.25,1.5,128,5.0,1,1.4504980895228847,0.10716012505222379,27.529292909069248,1.4142135623730947
main,10503,0.35,1.5,128,5.0,1,1.3995738332051935,0.08994664880645786,12.286154235932328,1.4142135623730947
main,10504,0.15,1.5,128,5.0,1,1.2501456459025955,0.2699329620517363,23.19436777150971,1.4142135623730947
main,10504,0.25,1.5,128,5.0,1,1.4384681528724286,0.2522974011657288,12.359150966391384,1.4142135623730947
main,10504,0.35,1.5,128,5.0,1,1.5301988379255855,0.2240998727172437,8.697932417470714,1.4142135623730947
main,10505,0.15,1.5,128,5.0,1,1.7735233570612978,0.15357657371421563,6.741457560955637,1.4142135623730947
main,10505,0.25,1.5,128,5.0,1,1.7926892378732848,0.1911843201803802,2.473902692311798,1.4142135623730947
main,10505,0.35,1.5,128,5.0,1,1.6076044760865436,0.18986293830588782,11.127527757119534,1.4142135623730947
main,10506,0.15,1.5,128,5.0,1,1.706605382782897,0.20479474742771736,3.6182659403376327,1.4142135623730947
main,10506,0.25,1.5,128,5.0,1,1.6709009838018614,0.22573149198755546,12.116609603324124,1.4142135623730947
main,10506,0.35,1.5,128,5.0,1,1.6622911243678617,0.1972565971938515,11.150544683865938,1.4142135623730947
main,10507,0.15,1.5,128,5.0,1,1.4832837821649059,0.22218522534443394,44.15905280962967,1.4142135623730947
main,10507,0.25,1.5,128,5.0,1,1.5026677443418763,0.16715520236692621,19.42710785798475,1.4142135623730947
main,10507,0.35,1.5,128,5.0,1,1.5168515667376357,0.12204942694633729,25.121238080661936,1.4142135623730947
main,10508,0.15,1.5,128,5.0,1,1.9759634161828725,0.4008922273832351,16.400482316805025,1.4142135623730947
main,10508,0.25,1.5,128,5.0,1,1.7086271183889263,0.1552624775019691,9.040558591150301,1.4142135623730947
main,10508,0.35,1.5,128,5.0,1,1.6902290956675121,0.1774911414743602,6.715504907737848,1.4142135623730947
main,10509,0.15,1.5,128,5.0,1,1.7579275336547733,0.23642196535633622,30.638434390379622,1.4142135623730947
main,10509,0.25,1.5,128,5.0,1,1.553514601229073,0.2147870618464781,24.024267444660325,1.4142135623730947
main,10509,0.35,1.5,128,5.0,1,1.5440332449204757,0.22136891476693135,34.652362286224204,1.4142135623730947
main,10510,0.15,1.5,128,5.0,1,1.7393662321256422,0.12357454729309142,6.838507227283272,1.4142135623730947
main,10510,0.25,1.5,128,5.0,1,2.1585684605912316,0.33579193346865155,4.647700481649905,1.4142135623730947
main,10510,0.35,1.5,128,5.0,1,2.1180502704278013,0.3453542663795257,11.354515083989702,1.4142135623730947
main,10511,0.15,1.5,128,5.0,1,1.300753833909271,0.18650320616361277,11.476541823790171,1.4142135623730947
main,10511,0.25,1.5,128,5.0,1,1.396774176269292,0.15180373115400275,12.683967785112793,1.4142135623730947
main,10511,0.35,1.5,128,5.0,1,1.5039868936917113,0.13750698968618083,25.814412879780832,1.4142135623730947
main,10512,0.15,1.5,128,5.0,1,1.7714978094940452,0.24213771089390249,27.78273610919494,1.4142135623730947
main,10512,0.25,1.5,128,5.0,1,1.548623501176232,0.21691216020707924,12.863529247046896,1.4142135623730947
main,10512,0.35,1.5,128,5.0,1,1.6212291186431047,0.2560272662816409,56.55646321117944,1.4142135623730947
main,10513,0.15,1.5,128,5.0,1,1.4860300424864648,0.18633332303659147,10.08450900422541,1.4142135623730947
main,10513,0.25,1.5,128,5.0,1,1.6074699067605012,0.21533809239111315,17.597783165150403,1.4142135623730947
main,10513,0.35,1.5,128,5.0,1,1.6287620926551718,0.1895703853643394,14.673940744293446,1.4142135623730947
main,10514,0.15,1.5,128,5.0,1,1.521300859394771,0.21843103890245016,29.254628697732496,1.4142135623730947
main,10514,0.25,1.5,128,5.0,1,1.6021913051517809,0.1300316742954719,10.591583331065952,1.4142135623730947
main,10514,0.35,1.5,128,5.0,1,1.5413525594858053,0.13005892258465848,9.72300474903002,1.4142135623730947
main,20503,0.15,2.0,128,5.0,1,2.5647594670969545,0.24160613571385303,12.845458511018006,1.4142135623730947
main,20503,0.25,2.0,128,5.0,1,2.658048432232592,0.2610173905308065,11.15840643790154,1.4142135623730947
main,20503,0.35,2.0,128,5.0,1,2.4710473285147665,0.1924982538718876,9.394508368437005,1.4142135623730947
main,20504,0.15,2.0,128,5.0,1,2.148627730934365,0.21549087917332643,8.61113385848537,1.4142135623730947
main,20504,0.25,2.0,128,5.0,1,1.9933378025461346,0.15761992200165123,7.013912308334965,1.4142135623730947
main,20504,0.35,2.0,128,5.0,1,1.9470242934800888,0.1056647469210051,2.788224462925342,1.4142135623730947
main,20505,0.15,2.0,128,5.0,1,1.9609429599964379,0.15164216878077963,10.727830197277973,1.4142135623730947
main,20505,0.25,2.0,128,5.0,1,2.053222270318254,0.24526840278496687,12.993018587500657,1.4142135623730947
main,20505,0.35,2.0,128,5.0,1,1.8917226650331287,0.25630766017621764,10.548686571677207,1.4142135623730947
main,20506,0.15,2.0,128,5.0,1,1.8751786164567155,0.12159025295825347,9.514129864189151,1.4142135623730947
main,20506,0.25,2.0,128,5.0,1,1.8664323043731368,0.11489378327396225,8.331172426773472,1.4142135623730947
main,20506,0.35,2.0,128,5.0,1,1.9402403842065463,0.17511796129808765,11.391245424421511,1.4142135623730947
main,20507,0.15,2.0,128,5.0,1,2.5026455299875154,0.21041611947368566,13.526235678368753,1.4142135623730947
main,20507,0.25,2.0,128,5.0,1,2.2073223666577215,0.13053344537493533,2.899566198568452,1.4142135623730947
main,20507,0.35,2.0,128,5.0,1,2.186924934610106,0.20597962636099845,18.78454260533343,1.4142135623730947
main,20508,0.15,2.0,128,5.0,1,1.9740991589273056,0.19261315908973412,10.52131316867035,1.4142135623730947
main,20508,0.25,2.0,128,5.0,1,2.034413234644123,0.13695235046593887,8.044432828716614,1.4142135623730947
main,20508,0.35,2.0,128,5.0,1,1.9732870024932203,0.04360483196273814,6.71724975281774,1.4142135623730947
main,20509,0.15,2.0,128,5.0,1,2.205248740687547,0.11229556450413598,8.955899849235967,1.4142135623730947
main,20509,0.25,2.0,128,5.0,1,2.1901718754142996,0.14999855850047003,11.585618076795221,1.4142135623730947
main,20509,0.35,2.0,128,5.0,1,2.2405850690808933,0.15927877611157165,17.01871290302722,1.4142135623730947
main,20510,0.15,2.0,128,5.0,1,1.76064724024499,0.1769446388533816,13.604801180699912,1.4142135623730947
main,20510,0.25,2.0,128,5.0,1,1.8696889728314523,0.1257677649363259,19.847724097028017,1.4142135623730947
main,20510,0.35,2.0,128,5.0,1,2.1360901551171905,0.13811449857435723,19.238423962637608,1.4142135623730947
main,20511,0.15,2.0,128,5.0,1,2.525470017898487,0.17372000175475816,2.163348470865851,1.4142135623730947
main,20511,0.25,2.0,128,5.0,1,2.4284478505147185,0.15041004928676865,4.137278277088052,1.4142135623730947
main,20511,0.35,2.0,128,5.0,1,2.18815666581315,0.08672482364517073,5.924468137334883,1.4142135623730947
main,20512,0.15,2.0,128,5.0,1,2.1046440387241865,0.1550872491621167,14.096838295605409,1.4142135623730947
main,20512,0.25,2.0,128,5.0,1,2.1199584166809684,0.14202240949756512,1.5522166533495652,1.4142135623730947
main,20512,0.35,2.0,128,5.0,1,1.8430720881428653,0.08384395661116958,1.7208879274261846,1.4142135623730947
main,20513,0.15,2.0,128,5.0,1,3.2437152095732293,0.5302045118235122,9.536913506591228,1.4142135623730947
main,20513,0.25,2.0,128,5.0,1,2.8499082903207205,0.3872552678810018,6.271241776435514,1.4142135623730947
main,20513,0.35,2.0,128,5.0,1,2.0860494151940543,0.0653054662101691,2.727638125752993,1.4142135623730947
main,20514,0.15,2.0,128,5.0,1,2.2120927466439255,0.16786914810048817,10.94662472723159,1.4142135623730947
main,20514,0.25,2.0,128,5.0,1,2.3214939341785383,0.16670016435171597,12.031648999393955,1.4142135623730947
main,20514,0.35,2.0,128,5.0,1,2.3473520774770105,0.140142434020799,3.2550557035387584,1.4142135623730947
main,30503,0.15,3.0,128,5.0,1,4.480098277644576,0.5363501601973444,4.156771068989146,1.4142135623730947
main,30503,0.25,3.0,128,5.0,1,3.4877147210991075,0.27718632732372417,5.4809558890490475,1.4142135623730947
main,30503,0.35,3.0,128,5.0,1,3.010562626184828,0.15023017231966007,2.162922611809801,1.4142135623730947
main,30504,0.15,3.0,128,5.0,1,3.594676883652834,0.13027009856526225,3.1656476943517284,1.4142135623730947
main,30504,0.25,3.0,128,5.0,1,3.1034701830583233,0.14317397769584467,7.055440495716186,1.4142135623730947
main,30504,0.35,3.0,128,5.0,1,2.831184532248322,0.16600309996073134,5.882748784655678,1.4142135623730947
main,30505,0.15,3.0,128,5.0,1,3.7240142201375757,0.14785671498945788,1.8849413834788828,1.4142135623730947
main,30505,0.25,3.0,128,5.0,1,3.1855029033624174,0.10442140808911941,1.1436520294902617,1.4142135623730947
main,30505,0.35,3.0,128,5.0,1,2.889977280056489,0.19868818422849832,4.083013434635586,1.4142135623730947
main,30506,0.15,3.0,128,5.0,1,3.0339430247415793,0.11588689879235184,5.506829644752135,1.4142135623730947
main,30506,0.25,3.0,128,5.0,1,3.1293234108951533,0.16263098111039484,12.738862580233908,1.4142135623730947
main,30506,0.35,3.0,128,5.0,1,3.064459683372574,0.14980325238736372,14.115388367835152,1.4142135623730947
main,30507,0.15,3.0,128,5.0,1,2.707607073873739,0.2763650238207885,4.803978734636998,1.4142135623730947
main,30507,0.25,3.0,128,5.0,1,2.8003490369320008,0.18286235404058612,3.3053305985030907,1.4142135623730947
main,30507,0.35,3.0,128,5.0,1,2.9492450922533084,0.09971596968067256,2.5265362629906076,1.4142135623730947
main,30508,0.15,3.0,128,5.0,1,2.978662887029565,0.15230944155405277,5.5558168982250775,1.4142135623730947
main,30508,0.25,3.0,128,5.0,1,3.035741231951547,0.09143768517480665,6.575064143980131,1.4142135623730947
main,30508,0.35,3.0,128,5.0,1,2.9454890840323404,0.07643036076134263,10.525693261123113,1.4142135623730947
main,30509,0.15,3.0,128,5.0,1,4.518519689511734,0.453406280873462,8.925427944516453,1.4142135623730947
main,30509,0.25,3.0,128,5.0,1,3.1850016597111366,0.1428356701572536,2.6692797592036404,1.4142135623730947
main,30509,0.35,3.0,128,5.0,1,3.2241811303683403,0.17104007357626635,0.7140047689871643,1.4142135623730947
main,30510,0.15,3.0,128,5.0,1,3.657809025328058,0.3637371678405407,10.14460656787904,1.4142135623730947
main,30510,0.25,3.0,128,5.0,1,3.4394482717285517,0.19894678546937142,5.965239839005764,1.4142135623730947
main,30510,0.35,3.0,128,5.0,1,3.221544020760243,0.1656072292615996,7.164863060623952,1.4142135623730947
main,30511,0.15,3.0,128,5.0,1,3.498242415974503,0.15535661250421706,3.1641454299515672,1.4142135623730947
main,30511,0.25,3.0,128,5.0,1,3.486819078791637,0.16525022935722292,4.414960205976298,1.4142135623730947
main,30511,0.35,3.0,128,5.0,1,3.6260504771556716,0.19846430679414814,3.2197381909984655,1.4142135623730947
main,30512,0.15,3.0,128,5.0,1,3.344376702110251,0.10761592005260517,2.668767128539324,1.4142135623730947
main,30512,0.25,3.0,128,5.0,1,3.1114026339919123,0.050968458237000025,4.30862050549239,1.4142135623730947
main,30512,0.35,3.0,128,5.0,1,3.15048704536203,0.08760400274788091,0.45009493848482507,1.4142135623730947
main,30513,0.15,3.0,128,5.0,1,3.187176999765016,0.12214915527269121,9.011143309285236,1.4142135623730947
main,30513,0.25,3.0,128,5.0,1,2.77279781022231,0.13039714100963004,4.129298781419612,1.4142135623730947
main,30513,0.35,3.0,128,5.0,1,2.8150789435594334,0.11810130791622132,2.1074353904841683,1.4142135623730947
main,30514,0.15,3.0,128,5.0,1,2.613140530844972,0.2427650904333222,16.263592679399757,1.4142135623730947
main,30514,0.25,3.0,128,5.0,1,3.1348982394555462,0.346250224201204,12.918860074669036,1.4142135623730947
main,30514,0.35,3.0,128,5.0,1,3.236884132130485,0.23546458944712656,15.794089720630945,1.4142135623730947
main,40503,0.15,4.0,128,5.0,1,6.256218736657238,0.5241811807363942,12.748256872076887,1.4142135623730947
main,40503,0.25,4.0,128,5.0,1,4.85621774324054,0.2657898656686867,6.248459989884065,1.4142135623730947
main,40503,0.35,4.0,128,5.0,1,4.157344070326426,0.14054548725955518,6.511156929094687,1.4142135623730947
main,40504,0.15,4.0,128,5.0,1,4.114670920042889,0.11718230970446815,11.139652986628143,1.4142135623730947
main,40504,0.25,4.0,128,5.0,1,4.354078994640304,0.2557890259178794,7.779656675015878,1.4142135623730947
main,40504,0.35,4.0,128,5.0,1,4.240459093311511,0.19095005614848773,1.453580128338793,1.4142135623730947
main,40505,0.15,4.0,128,5.0,1,3.8128889894172806,0.055690140135110845,5.069983794295809,1.4142135623730947
main,40505,0.25,4.0,128,5.0,1,3.41608712239659,0.10363985117939135,4.626863134857936,1.4142135623730947
main,40505,0.35,4.0,128,5.0,1,3.8365506352506733,0.10196892732742378,7.142482261050395,1.4142135623730947
main,40506,0.15,4.0,128,5.0,1,5.408435215835667,0.23802717464363318,2.800880821330951,1.4142135623730947
main,40506,0.25,4.0,128,5.0,1,4.761259834767239,0.16055768470779946,3.181764736888234,1.4142135623730947
main,40506,0.35,4.0,128,5.0,1,4.842744086308961,0.1284429139614318,4.323571336102603,1.4142135623730947
main,40507,0.15,4.0,128,5.0,1,4.232764222653586,0.16774027584169054,9.29802246267667,1.4142135623730947
main,40507,0.25,4.0,128,5.0,1,4.262276806749177,0.15125328140321745,5.643290321342424,1.4142135623730947
main,40507,0.35,4.0,128,5.0,1,4.0908226578946065,0.06896584695906208,3.0785156158244327,1.4142135623730947
main,40508,0.15,4.0,128,5.0,1,3.7578932769435207,0.10655102588903738,1.3856748208770926,1.4142135623730947
main,40508,0.25,4.0,128,5.0,1,3.751468887359616,0.1674909319528819,13.136177482468923,1.4142135623730947
main,40508,0.35,4.0,128,5.0,1,3.58521188790949,0.1987372422719175,17.52562442191742,1.4142135623730947
main,40509,0.15,4.0,128,5.0,1,7.393442412742889,0.5941863484126285,2.3425551630688686,1.4142135623730947
main,40509,0.25,4.0,128,5.0,1,6.153637446321419,0.39067383225959423,4.273415153988001,1.4142135623730947
main,40509,0.35,4.0,128,5.0,1,6.31194003153354,0.4435328225818841,3.0614936873639578,1.4142135623730947
main,40510,0.15,4.0,128,5.0,1,3.1607198386197237,0.195348450217475,13.641694634722239,1.4142135623730947
main,40510,0.25,4.0,128,5.0,1,3.208918549840872,0.1760878971936904,6.633160411806109,1.4142135623730947
main,40510,0.35,4.0,128,5.0,1,4.2752889585447,0.0955454374573863,4.636803604132467,1.4142135623730947
main,40511,0.15,4.0,128,5.0,1,4.081400540882853,0.11377186313114672,6.011559597352734,1.4142135623730947
main,40511,0.25,4.0,128,5.0,1,4.154050906074644,0.17115666409262212,10.823282894581062,1.4142135623730947
main,40511,0.35,4.0,128,5.0,1,3.809278842669835,0.12070651972233011,11.948003352837322,1.4142135623730947
main,40512,0.15,4.0,128,5.0,1,2.9886718483871872,0.21323748340601473,9.637757265305245,1.4142135623730947
main,40512,0.25,4.0,128,5.0,1,3.301074957992939,0.15538468459315838,4.1541494320117485,1.4142135623730947
main,40512,0.35,4.0,128,5.0,1,3.4440086536219887,0.14727508759672914,4.434427975145914,1.4142135623730947
main,40513,0.15,4.0,128,5.0,1,17.678984940710393,1.6832668444448982,6.097689266787538,1.4142135623730947
main,40513,0.25,4.0,128,5.0,1,4.789200339033539,0.18159816849410917,2.38769428749336,1.4142135623730947
main,40513,0.35,4.0,128,5.0,1,4.799820621615062,0.1800523319484216,2.4030222138071182,1.4142135623730947
main,40514,0.15,4.0,128,5.0,1,7.6594830481952405,0.5875433666702045,3.128074472390379,1.4142135623730947
main,40514,0.25,4.0,128,5.0,1,7.8615074028641185,0.6178936966058137,9.31586271904113,1.4142135623730947
main,40514,0.35,4.0,128,5.0,1,5.466223294546721,0.2617339756344992,14.056383673459868,1.4142135623730947
fov,900503,0.25,3.0,64,5.0,1,2.5296600991146256,0.1738677217198198,26.69760047144531,1.4142135623730947
fov,900503,0.25,3.0,80,5.0,1,2.8606961049702604,0.25004452746647854,26.068628189075238,1.4142135623730947
fov,900503,0.25,3.0,96,5.0,1,3.1299298862154084,0.33116471715496043,14.258762585327773,1.4142135623730947
fov,900503,0.25,3.0,112,5.0,1,3.4735587307822184,0.2896219490382578,12.09619327353136,1.4142135623730947
fov,900503,0.25,3.0,128,5.0,1,3.9784291497503474,0.2572000111487981,6.583087788926314,1.4142135623730947
fov,900503,0.25,3.0,144,5.0,1,3.507011295029567,0.13117964173239802,4.151434811120484,1.4142135623730947
angular,900503,0.25,3.0,128,2.5,1,3.976163666692774,0.2567616465030266,6.5881580883052155,1.4142135623730951
angular,900503,0.25,3.0,128,5.0,1,3.9784291497503474,0.2572000111487981,6.583087788926314,1.4142135623730947
angular,900503,0.25,3.0,128,10.0,1,3.9882151765092204,0.25938374825251,6.578077061647808,1.414213562373095
angular,900503,0.25,3.0,128,15.0,1,3.9990777687957304,0.26113534438080627,6.580688260382569,1.4142135623730951
angular,900503,0.25,3.0,128,30.0,1,3.9763253729117287,0.2554079736712745,6.493268357196196,1.4142135623730954
interpolation,900503,0.25,3.0,104,5.0,0,2.95897426837753,0.13030029290628697,6.9045873125157184,2.3124328910157046
interpolation,900503,0.25,3.0,104,5.0,1,3.0001893598802147,0.13295064858558253,7.183734332756784,2.3124328910157046
fov,900504,0.25,3.0,64,5.0,1,4.534898990069329,0.4048779835939133,30.301128604704715,1.4142135623730947
fov,900504,0.25,3.0,80,5.0,1,2.738954987293198,0.12549569880629666,16.301811459926952,1.4142135623730947
fov,900504,0.25,3.0,96,5.0,1,2.2093524559926823,0.22132439027346348,16.869795251960742,1.4142135623730947
fov,900504,0.25,3.0,112,5.0,1,2.266625236964504,0.21564681478840872,11.683310763148697,1.4142135623730947
fov,900504,0.25,3.0,128,5.0,1,2.5155582689562146,0.1382895701779358,8.16639137723327,1.4142135623730947
fov,900504,0.25,3.0,144,5.0,1,2.9879686595318065,0.03984112363211071,6.071240232706229,1.4142135623730947
angular,900504,0.25,3.0,128,2.5,1,2.5155974126059166,0.13830567080292813,8.166058688348173,1.4142135623730951
angular,900504,0.25,3.0,128,5.0,1,2.5155582689562146,0.1382895701779358,8.16639137723327,1.4142135623730947
angular,900504,0.25,3.0,128,10.0,1,2.5165082500716918,0.1380223446409836,8.113550809208572,1.414213562373095
angular,900504,0.25,3.0,128,15.0,1,2.512661635774942,0.13891345452086795,8.158935763362102,1.4142135623730951
angular,900504,0.25,3.0,128,30.0,1,2.51055904253287,0.13922329702471334,7.827305467823738,1.4142135623730954
interpolation,900504,0.25,3.0,104,5.0,0,2.6400259610192385,0.18661515954605418,3.491991609596232,2.3124328910157046
interpolation,900504,0.25,3.0,104,5.0,1,2.6568279481290773,0.18537953307075325,3.662685549888854,2.3124328910157046
fov,900505,0.25,3.0,64,5.0,1,3.6277679877337046,0.17525994404680917,6.753059969342059,1.4804140565804926
fov,900505,0.25,3.0,80,5.0,1,2.987515251146728,0.01798952387516435,2.159233249047826,1.4142135623730947
fov,900505,0.25,3.0,96,5.0,1,3.414357954620733,0.12630511379340303,2.8325058108047507,1.4142135623730947
fov,900505,0.25,3.0,112,5.0,1,3.204112280661571,0.09200959827806088,3.183267263608413,1.4142135623730947
fov,900505,0.25,3.0,128,5.0,1,3.1084198571229846,0.06921843794654843,2.696734061087845,1.4142135623730947
fov,900505,0.25,3.0,144,5.0,1,3.12958073835142,0.04534523640163032,3.2343053183241333,1.4142135623730947
angular,900505,0.25,3.0,128,2.5,1,3.1070669607198473,0.06891021664933038,2.682619382949831,1.4142135623730951
angular,900505,0.25,3.0,128,5.0,1,3.1084198571229846,0.06921843794654843,2.696734061087845,1.4142135623730947
angular,900505,0.25,3.0,128,10.0,1,3.111087260133518,0.06975931918304856,2.7077709402097754,1.414213562373095
angular,900505,0.25,3.0,128,15.0,1,3.116003814848206,0.07050802306159151,2.7089658722521843,1.4142135623730951
angular,900505,0.25,3.0,128,30.0,1,3.108976049426268,0.07023356257942366,2.6774469554501725,1.4142135623730954
interpolation,900505,0.25,3.0,104,5.0,0,2.839656827027746,0.1139590505953225,2.7527983399422364,2.3124328910157046
interpolation,900505,0.25,3.0,104,5.0,1,2.871367428153829,0.10500266447776059,2.31888830241813,2.3124328910157046
fov,900506,0.25,3.0,64,5.0,1,3.6922123406929432,0.30672623687737954,18.029346511768335,1.4142135623730947
fov,900506,0.25,3.0,80,5.0,1,3.080067226689987,0.24746112613815643,10.704133565755507,1.4142135623730947
fov,900506,0.25,3.0,96,5.0,1,2.9545902175480405,0.1678625289003511,7.21257468549544,1.4142135623730947
fov,900506,0.25,3.0,112,5.0,1,3.673257721512846,0.16304940278334598,7.365496451062108,1.4142135623730947
fov,900506,0.25,3.0,128,5.0,1,3.135224107009859,0.15676524648104254,6.126846930349257,1.4142135623730947
fov,900506,0.25,3.0,144,5.0,1,3.2641718330936773,0.1338256589075518,6.275961581713869,1.4142135623730947
angular,900506,0.25,3.0,128,2.5,1,3.1323220853642146,0.15692174981124363,6.112457976865544,1.4142135623730951
angular,900506,0.25,3.0,128,5.0,1,3.135224107009859,0.15676524648104254,6.126846930349257,1.4142135623730947
angular,900506,0.25,3.0,128,10.0,1,3.1386455687538763,0.15608470286614584,6.125582186181565,1.414213562373095
angular,900506,0.25,3.0,128,15.0,1,3.1356657776990287,0.1563884252214587,6.068883000672979,1.4142135623730951
angular,900506,0.25,3.0,128,30.0,1,3.124815135736932,0.15889041387006933,6.161006426736536,1.4142135623730954
interpolation,900506,0.25,3.0,104,5.0,0,2.5429893797061016,0.1987925683511584,9.805355802157223,2.3124328910157046
interpolation,900506,0.25,3.0,104,5.0,1,2.5291893398707153,0.19884839009987715,9.686172418713817,2.3124328910157046
fov,900507,0.25,3.0,64,5.0,1,3.8190137535636115,0.32118816485733725,3.5836121769722973,1.4142135623730947
fov,900507,0.25,3.0,80,5.0,1,3.0954647198056646,0.16556989809129372,5.794604505683958,1.4142135623730947
fov,900507,0.25,3.0,96,5.0,1,2.9592548699912844,0.1017617545867181,4.191710643817919,1.4142135623730947
fov,900507,0.25,3.0,112,5.0,1,3.0570723141240386,0.0811897957043154,4.351462482623412,1.4142135623730947
fov,900507,0.25,3.0,128,5.0,1,3.1039681661397216,0.09259984751860509,4.447337814166068,1.4142135623730947
fov,900507,0.25,3.0,144,5.0,1,2.9701227860834067,0.07581413280994663,6.159926893567479,1.4142135623730947
angular,900507,0.25,3.0,128,2.5,1,3.103166283081131,0.09252869811498662,4.449377870152159,1.4142135623730951
angular,900507,0.25,3.0,128,5.0,1,3.1039681661397216,0.09259984751860509,4.447337814166068,1.4142135623730947
angular,900507,0.25,3.0,128,10.0,1,3.1040157913200512,0.0923090383252209,4.470576933448341,1.414213562373095
angular,900507,0.25,3.0,128,15.0,1,3.0978202753217245,0.09167083125978634,4.510016104140091,1.4142135623730951
angular,900507,0.25,3.0,128,30.0,1,3.131244030488657,0.09295211087300734,4.506881033256758,1.4142135623730954
interpolation,900507,0.25,3.0,104,5.0,0,2.8153746168617273,0.10295270976356431,5.120222048740055,2.3124328910157046
interpolation,900507,0.25,3.0,104,5.0,1,2.866896778470261,0.10530052810234959,5.389762941995335,2.3124328910157046
fov,900508,0.25,3.0,64,5.0,1,2.1833214503666922,0.3382836866459874,10.302346168420847,1.4142135623730947
fov,900508,0.25,3.0,80,5.0,1,2.4778766627049964,0.2596074917417643,25.63192570954459,1.4142135623730947
fov,900508,0.25,3.0,96,5.0,1,2.562007421655361,0.17339920949597823,23.989530349118645,1.4142135623730947
fov,900508,0.25,3.0,112,5.0,1,2.512741648674817,0.16360980000902267,16.03839544823619,1.4142135623730947
fov,900508,0.25,3.0,128,5.0,1,2.775520397818493,0.1985425370066349,23.213335147896576,1.4142135623730947
fov,900508,0.25,3.0,144,5.0,1,2.7453628140719806,0.19601643576907815,18.8740391530564,1.4142135623730947
angular,900508,0.25,3.0,128,2.5,1,2.7748412863710503,0.19851801311543849,23.190104727065258,1.4142135623730951
angular,900508,0.25,3.0,128,5.0,1,2.775520397818493,0.1985425370066349,23.213335147896576,1.4142135623730947
angular,900508,0.25,3.0,128,10.0,1,2.7733896942518323,0.19869919319480925,23.2471984537397,1.414213562373095
angular,900508,0.25,3.0,128,15.0,1,2.777129441895037,0.19782673155125743,23.179483262871383,1.4142135623730951
angular,900508,0.25,3.0,128,30.0,1,2.784233639709896,0.19815524876834795,23.568529205387417,1.4142135623730954
interpolation,900508,0.25,3.0,104,5.0,0,2.7756852276022643,0.05079061477494828,2.255595683945546,2.3124328910157046
interpolation,900508,0.25,3.0,104,5.0,1,2.749901265149572,0.054080487124283066,3.7492255531361938,2.3124328910157046
fov,900509,0.25,3.0,64,5.0,1,3.0885954764509593,0.14761603146580307,4.994448406403418,1.4142135623730947
fov,900509,0.25,3.0,80,5.0,1,2.76077762715347,0.19913050934496032,9.015748846052523,1.4142135623730947
fov,900509,0.25,3.0,96,5.0,1,3.1043392010059896,0.1613176873798635,15.070110186603289,1.4142135623730947
fov,900509,0.25,3.0,112,5.0,1,2.635115602986621,0.16210764181200993,9.947674524116431,1.4142135623730947
fov,900509,0.25,3.0,128,5.0,1,2.758292933229012,0.08213031954331011,6.404160629187911,1.4142135623730947
fov,900509,0.25,3.0,144,5.0,1,2.8574315168547635,0.07330330123457166,4.117664893581663,1.4142135623730947
angular,900509,0.25,3.0,128,2.5,1,2.7582057802349262,0.0821635689089239,6.405499298219103,1.4142135623730951
angular,900509,0.25,3.0,128,5.0,1,2.758292933229012,0.08213031954331011,6.404160629187911,1.4142135623730947
angular,900509,0.25,3.0,128,10.0,1,2.759948633843322,0.08238960097141948,6.460558910481349,1.414213562373095
angular,900509,0.25,3.0,128,15.0,1,2.759058746366948,0.08165917014966069,6.374945450633403,1.4142135623730951
angular,900509,0.25,3.0,128,30.0,1,2.760255184108824,0.07999498273467881,6.24058579405748,1.4142135623730954
interpolation,900509,0.25,3.0,104,5.0,0,2.381348838793152,0.1770401982005217,1.2448124222435744,2.3124328910157046
interpolation,900509,0.25,3.0,104,5.0,1,2.3790922541896804,0.18045816178811452,1.717936609754439,2.3124328910157046
fov,900510,0.25,3.0,64,5.0,1,3162.277659838943,109.27639070008853,18.071322321253998,1.4142135623730947
fov,900510,0.25,3.0,80,5.0,1,9.459398803728616,1.1522821481075975,15.3525887424912,1.4142135623730947
fov,900510,0.25,3.0,96,5.0,1,6.205843967982616,0.6353154128655774,10.59325255279953,1.4142135623730947
fov,900510,0.25,3.0,112,5.0,1,9.78483250691472,1.2521874864102205,13.414534500682263,1.4142135623730947
fov,900510,0.25,3.0,128,5.0,1,30.104313731566382,3.871891802209965,12.126134112612924,1.4142135623730947
fov,900510,0.25,3.0,144,5.0,1,9.250390959310039,1.27633481247461,8.588517093852591,1.4142135623730947
angular,900510,0.25,3.0,128,2.5,1,28.824202953331312,3.733492535598229,12.13526527026655,1.4142135623730951
angular,900510,0.25,3.0,128,5.0,1,30.104313731566382,3.871891802209965,12.126134112612924,1.4142135623730947
angular,900510,0.25,3.0,128,10.0,1,37.163884003366434,4.600491864737054,12.08192285900938,1.414213562373095
angular,900510,0.25,3.0,128,15.0,1,46.33510832017238,5.4878461600933885,12.10967510261,1.4142135623730951
angular,900510,0.25,3.0,128,30.0,1,33.093327077092795,4.184985920529,11.892660969631754,1.4142135623730954
interpolation,900510,0.25,3.0,104,5.0,0,2.936858647889785,0.1172248953363996,7.332908177214329,2.3124328910157046
interpolation,900510,0.25,3.0,104,5.0,1,2.9518214141876524,0.11384847891324373,7.365019393534897,2.3124328910157046
fov,900511,0.25,3.0,64,5.0,1,2.235719652837919,0.612664238758314,14.040923212754567,1.4142135623730947
fov,900511,0.25,3.0,80,5.0,1,2.587770293458537,0.5548178621382676,15.389921363179953,1.4142135623730947
fov,900511,0.25,3.0,96,5.0,1,2.559939165157336,0.43315648881765106,12.19635327904799,1.4142135623730947
fov,900511,0.25,3.0,112,5.0,1,2.7280399446379775,0.32313898597445584,12.119396372412199,1.4142135623730947
fov,900511,0.25,3.0,128,5.0,1,2.8362417950558387,0.22369344148422057,10.963758838069177,1.4142135623730947
fov,900511,0.25,3.0,144,5.0,1,3.108932566480144,0.17004174527534663,9.678446653275264,1.4142135623730947
angular,900511,0.25,3.0,128,2.5,1,2.835861961589372,0.22381940306014125,10.965491725186421,1.4142135623730951
angular,900511,0.25,3.0,128,5.0,1,2.8362417950558387,0.22369344148422057,10.963758838069177,1.4142135623730947
angular,900511,0.25,3.0,128,10.0,1,2.8391288824076413,0.22329975568195073,10.969522427156218,1.414213562373095
angular,900511,0.25,3.0,128,15.0,1,2.8294468874788024,0.22407653334056807,11.024527880529128,1.4142135623730951
angular,900511,0.25,3.0,128,30.0,1,2.816284645924377,0.2250085859616438,11.150917450055719,1.4142135623730954
interpolation,900511,0.25,3.0,104,5.0,0,3.0463131850822354,0.1939493346478719,12.045028373327169,2.3124328910157046
interpolation,900511,0.25,3.0,104,5.0,1,3.0220122393328164,0.195726144021478,12.041122582666933,2.3124328910157046
fov,900512,0.25,3.0,64,5.0,1,3162.277660796473,129.6176507197675,3.2776156303565833,1.4142135623730947
fov,900512,0.25,3.0,80,5.0,1,3162.277661211334,121.97642038933898,9.112274141236153,1.4142135623730947
fov,900512,0.25,3.0,96,5.0,1,3162.2776606688985,116.17330378679424,6.248062176938704,1.4142135623730947
fov,900512,0.25,3.0,112,5.0,1,3162.2776601865035,134.23188683241779,5.530357225049696,1.4142135623730947
fov,900512,0.25,3.0,128,5.0,1,3162.277659466123,123.68504719924745,6.378956279476063,1.4142135623730947
fov,900512,0.25,3.0,144,5.0,1,4.193238284608945,0.3893254372305516,4.279710325047964,1.4142135623730947
angular,900512,0.25,3.0,128,2.5,1,3162.2776605257113,123.68019897590365,6.378459676951768,1.4142135623730951
angular,900512,0.25,3.0,128,5.0,1,3162.277659466123,123.68504719924745,6.378956279476063,1.4142135623730947
angular,900512,0.25,3.0,128,10.0,1,3162.2776618224543,123.75547230420156,6.339165489861896,1.414213562373095
angular,900512,0.25,3.0,128,15.0,1,3162.2776603572092,123.78314892683309,6.424023594183409,1.4142135623730951
angular,900512,0.25,3.0,128,30.0,1,22.63190773442608,3.6537710310012006,6.781887562742102,1.4142135623730954
interpolation,900512,0.25,3.0,104,5.0,0,3.818335657966506,0.4581663775648575,25.90149617354788,2.3124328910157046
interpolation,900512,0.25,3.0,104,5.0,1,3.8053583868909246,0.4498735947533477,26.267350133205742,2.3124328910157046