n_sections,condition_number,tensor_shape_error
3.000000000000000000e+00,4.268369701798162552e+00,1.771489367964448336e-01
3.000000000000000000e+00,1.809716838669054439e+01,4.219955207087874305e-01
3.000000000000000000e+00,2.560987114638288986e+00,1.111943841614055212e-01
3.000000000000000000e+00,8.945291021671685883e+00,3.222995926553809398e-01
3.000000000000000000e+00,2.441376034961282926e+01,1.519888885343528839e-01
3.000000000000000000e+00,4.902379359048108398e+00,9.180312319383765463e-02
3.000000000000000000e+00,3.484821271555453848e+00,1.374888832398042660e-01
3.000000000000000000e+00,4.572956836014948401e+00,2.036242883432036188e-01
3.000000000000000000e+00,2.765383477657581857e+00,1.787491693305213458e-01
3.000000000000000000e+00,4.654887492488930079e+00,5.215065050135832964e-02
3.000000000000000000e+00,2.039570273955838342e+00,1.642761242483107009e-01
3.000000000000000000e+00,3.183132744161566663e+00,1.403354377183817780e-01
3.000000000000000000e+00,3.762024129645451076e+00,1.260721884853603092e-01
3.000000000000000000e+00,4.772391028780735844e+00,1.013694849351654131e-01
3.000000000000000000e+00,1.137848961079363797e+01,6.089724416648645278e-01
3.000000000000000000e+00,2.883794888482198449e+00,8.839586962913838220e-02
3.000000000000000000e+00,1.493666634589273556e+01,1.669421451149103730e-01
3.000000000000000000e+00,1.683726220424140152e+01,1.382971581641056491e-01
3.000000000000000000e+00,4.863689199303164123e+00,1.523658498166008124e-01
3.000000000000000000e+00,2.774449686408986260e+00,2.646789504479524213e-01
3.000000000000000000e+00,6.906587432809164540e+00,1.004252197956207198e+02
3.000000000000000000e+00,3.668629415938207128e+00,2.225875579042881636e-01
3.000000000000000000e+00,3.761841528353497388e+00,1.367304022055386703e-01
3.000000000000000000e+00,1.738524018326448939e+01,9.671995239148965595e+01
3.000000000000000000e+00,2.222488536132439574e+00,2.191251797352296027e-01
3.000000000000000000e+00,3.935398986782560726e+00,1.602814402048385045e-01
3.000000000000000000e+00,4.922737171688396529e+00,5.854751922829186661e-01
3.000000000000000000e+00,2.418110027213412394e+00,1.037774193867830042e-01
3.000000000000000000e+00,8.059314974603665860e+00,7.012789568820536334e-02
3.000000000000000000e+00,4.685033736664899529e+00,5.508540847392388168e-02
3.000000000000000000e+00,1.120717035171122156e+01,9.282242562803618569e+01
3.000000000000000000e+00,2.490902767881773894e+00,1.523960246541768981e-01
3.000000000000000000e+00,2.193951567829033777e+00,1.055010927163909373e-01
3.000000000000000000e+00,3.979775327732508305e+00,4.394804459324863632e-01
3.000000000000000000e+00,3.599137518847732586e+00,9.357654603136138227e-02
3.000000000000000000e+00,2.861514358735431784e+01,2.818017161892012457e-01
3.000000000000000000e+00,3.882415835779406077e+00,1.742792280134568272e-01
3.000000000000000000e+00,6.916304737696587601e+00,1.899516431002384653e+00
3.000000000000000000e+00,1.137162194494035106e+01,1.160534007268334417e-01
3.000000000000000000e+00,2.667434912775899836e+00,9.152226282759043374e-02
3.000000000000000000e+00,1.245565773934773013e+01,1.449508230373087458e-01
3.000000000000000000e+00,2.416181607009837862e+00,1.625971464025292579e-01
3.000000000000000000e+00,2.969799480349303966e+00,1.221689149430914278e-01
3.000000000000000000e+00,5.556359429070959699e+00,1.043160017715421689e-01
3.000000000000000000e+00,4.473038003848285094e+00,1.167617824833859091e-01
3.000000000000000000e+00,3.354113639061357954e+00,1.816687722237709246e-01
3.000000000000000000e+00,3.523189842534439009e+00,1.899800254157980040e-01
3.000000000000000000e+00,4.521427863234975142e+00,9.649806335592694961e-02
3.000000000000000000e+00,4.283740252112693270e+00,3.776486036311745703e-02
3.000000000000000000e+00,1.565630210135006166e+02,3.950725114228584856e-01
3.000000000000000000e+00,1.209724786476841807e+01,4.516353360596796901e-02
3.000000000000000000e+00,3.354113639061357954e+00,1.816687722237705360e-01
3.000000000000000000e+00,3.678638773225789471e+00,1.198264358737657492e-01
3.000000000000000000e+00,2.721186203401547488e+00,1.841247031861502348e-01
3.000000000000000000e+00,3.361966217695903314e+00,2.591563466586931375e-01
3.000000000000000000e+00,2.353328120132866630e+00,1.928862365793909683e-01
3.000000000000000000e+00,4.848334434522630687e+00,1.214039879526584848e-01
3.000000000000000000e+00,1.098941333811293575e+01,3.009816465623810000e+00
3.000000000000000000e+00,1.738524018326448939e+01,9.671995239148965595e+01
3.000000000000000000e+00,3.054410546539414995e+01,4.249025940288447822e-01
3.000000000000000000e+00,6.190160859886052691e+00,1.175903486352952027e-01
3.000000000000000000e+00,3.662789207384705037e+00,2.367500589183497151e-01
3.000000000000000000e+00,1.696442593441055280e+01,1.044253569229475764e-01
3.000000000000000000e+00,2.957196326562611777e+00,1.188928748302274657e-01
3.000000000000000000e+00,2.358678758212643167e+00,1.457842334776789095e-01
3.000000000000000000e+00,8.822024235925118418e+00,1.092845762079184269e+00
3.000000000000000000e+00,3.480618887746043999e+00,2.330679237802499026e-01
3.000000000000000000e+00,2.726929410852578339e+00,5.348433546957757911e-02
3.000000000000000000e+00,3.368490973135659150e+00,1.151615967186580547e-01
3.000000000000000000e+00,6.906587432809164540e+00,1.004252197956207198e+02
3.000000000000000000e+00,5.043600925028993487e+01,2.194992347617796824e-01
3.000000000000000000e+00,1.445760177934781510e+01,1.369966878862514079e+02
3.000000000000000000e+00,2.545606571099004345e+00,2.493311616971952693e-01
3.000000000000000000e+00,4.261297441107857686e+00,1.933594368420845089e-01
3.000000000000000000e+00,1.137848961079363441e+01,6.089724416648738536e-01
3.000000000000000000e+00,3.212206990956754993e+00,2.113057716943783915e-01
3.000000000000000000e+00,7.091052754620636556e+00,5.811107394791502623e-01
3.000000000000000000e+00,1.812995171579317955e+01,1.770849488578723208e-01
3.000000000000000000e+00,2.550957622742702657e+00,2.877414946962798536e-01
3.000000000000000000e+00,3.316539886405252435e+00,2.877108825816084292e-01
3.000000000000000000e+00,2.573803123888642297e+00,5.582976055046101616e-02
3.000000000000000000e+00,8.284919147218856139e+00,3.552129657601639789e-01
3.000000000000000000e+00,4.028018377260893956e+00,1.146144968477158799e-01
3.000000000000000000e+00,3.612852833901114558e+00,2.581712672848262002e-01
3.000000000000000000e+00,7.005540075358916319e+00,5.310547950670712058e-01
3.000000000000000000e+00,8.046431833149414459e+00,7.853194774850298654e-02
3.000000000000000000e+00,3.142869419309182621e+00,1.161145640074146002e-01
3.000000000000000000e+00,3.707567375566080514e+00,1.858754565825964933e-01
3.000000000000000000e+00,3.895084146250094026e+00,7.174061790871591460e-02
3.000000000000000000e+00,3.673057370645866904e+00,6.681287648560294001e-02
3.000000000000000000e+00,4.257085827719400584e+01,3.776900585911325825e-01
3.000000000000000000e+00,4.351544115208249686e+00,1.765772681440863634e-01
3.000000000000000000e+00,2.203340159646062002e+00,7.555176769693859595e-02
3.000000000000000000e+00,3.994187680557273801e+00,1.647186603323269882e-01
3.000000000000000000e+00,3.622434166387246801e+00,1.286167377362314179e-01
3.000000000000000000e+00,1.444937035149813376e+01,8.475266129703490359e-02
3.000000000000000000e+00,4.970214781961939998e+00,1.248363730399874305e-01
3.000000000000000000e+00,1.938723262463075869e+01,8.928330824357830409e+01
3.000000000000000000e+00,3.437406119417047101e+00,1.620330216367483200e-01
3.000000000000000000e+00,2.631969697531246766e+00,5.940027899555193336e-02
3.000000000000000000e+00,2.667464578086368387e+00,1.732832888758029377e-01
3.000000000000000000e+00,8.405118522680297133e+00,1.914088553182577424e-01
3.000000000000000000e+00,6.594712088735930955e+00,2.884160138188081035e-01
3.000000000000000000e+00,7.910725808878762422e+00,9.276023171399923228e+01
3.000000000000000000e+00,2.550957622742703101e+00,2.877414946962792985e-01
3.000000000000000000e+00,2.383679174780839016e+00,4.595450733020086526e-02
3.000000000000000000e+00,4.160213015363223299e+00,5.009321529108349269e-01
3.000000000000000000e+00,3.361747553712910896e+00,9.101343093668769202e-02
3.000000000000000000e+00,4.351544115208251462e+00,1.765772681440847536e-01
3.000000000000000000e+00,3.607686701583531885e+00,1.188537796984503181e-01
3.000000000000000000e+00,4.572956836014948401e+00,2.036242883432036188e-01
3.000000000000000000e+00,8.969646808549066819e+00,1.263866335356470805e-01
3.000000000000000000e+00,2.107861005378587560e+00,1.137948105020486905e-01
3.000000000000000000e+00,7.449031820970501983e+00,9.309879947423395663e+01
3.000000000000000000e+00,9.256824749464188429e+00,9.523284212919672598e+01
3.000000000000000000e+00,2.891048709661360849e+00,2.275462753243932823e-01
3.000000000000000000e+00,6.808246848258802686e+01,1.624478069191550300e-01
3.000000000000000000e+00,2.863066256190751613e+00,1.868877200450042297e-01
3.000000000000000000e+00,8.731586223561958349e+00,3.743139054953256162e-01
3.000000000000000000e+00,1.938723262463076580e+01,8.928330815723622038e+01
3.000000000000000000e+00,2.366028423178453632e+00,1.262438227366865229e-01
3.000000000000000000e+00,1.281183430918051336e+01,2.741331317376920484e-01
3.000000000000000000e+00,3.691437214439034165e+00,1.201896170772093903e-01
3.000000000000000000e+00,5.025345690747665017e+00,9.409500931586315176e+01
3.000000000000000000e+00,3.362979250213505367e+01,9.340417663346637767e+01
3.000000000000000000e+00,5.495341026943260765e+00,1.656671179094633128e-01
3.000000000000000000e+00,3.523612245965837442e+00,2.277617365245116210e-01
3.000000000000000000e+00,6.906587432809169869e+00,1.004252198233347428e+02
3.000000000000000000e+00,2.807409232731952997e+01,2.378897108622165524e-01
3.000000000000000000e+00,2.057177633711903209e+00,1.013912658626603125e-01
3.000000000000000000e+00,1.286433555048862409e+01,2.142795404142011917e-01
3.000000000000000000e+00,3.416834031182044651e+00,8.864635246274314706e-02
3.000000000000000000e+00,2.189761324705772338e+00,1.259173848247038263e-01
3.000000000000000000e+00,1.597394089186976771e+02,6.942939598867398088e-01
3.000000000000000000e+00,3.317515855223747590e+00,3.276729080149696216e-01
3.000000000000000000e+00,3.803049518808921281e+00,1.593805477825417372e-01
3.000000000000000000e+00,2.669764672980218911e+00,5.834950391414529813e-02
3.000000000000000000e+00,4.197617023346567500e+00,1.439640238975136710e-01
3.000000000000000000e+00,2.122011745966810281e+01,3.170816375581473334e-01
3.000000000000000000e+00,2.923527520561113313e+00,1.931201648689934991e-01
3.000000000000000000e+00,3.910130653473104623e+00,1.668687673578718444e-01
3.000000000000000000e+00,1.235454121274741368e+01,4.733440443985188484e-01
3.000000000000000000e+00,8.046431833149407353e+00,7.853194774850194571e-02
3.000000000000000000e+00,5.301548362221212507e+00,1.653289572606454760e-01
3.000000000000000000e+00,4.093170016545678358e+00,1.981369990338367471e-01
3.000000000000000000e+00,5.467199981036284129e+00,1.230156130703579653e-01
3.000000000000000000e+00,6.109203995144503629e+00,6.734692546911853761e-02
3.000000000000000000e+00,5.951339750935338735e+00,2.782388148785917004e-01
3.000000000000000000e+00,7.065382718636314507e+00,7.222277189320094326e-01
3.000000000000000000e+00,3.622434166387245913e+00,1.286167377362322228e-01
3.000000000000000000e+00,4.612326066804072866e+00,7.255532215374123350e-02
3.000000000000000000e+00,9.256824749464188429e+00,9.523284212919672598e+01
3.000000000000000000e+00,9.256824749464195534e+00,9.523284207879414964e+01
3.000000000000000000e+00,1.127923280747281432e+01,2.809193097787149318e-01
3.000000000000000000e+00,2.133711015402680999e+01,4.168776188307134478e-01
3.000000000000000000e+00,1.060479009659528415e+01,1.684254144794740782e+00
3.000000000000000000e+00,2.166135569699433550e+00,1.255312412984404269e-01
3.000000000000000000e+00,4.301766826204807437e+00,1.951717990782442791e-01
3.000000000000000000e+00,1.135096642012202217e+01,9.022925081110133760e+01
3.000000000000000000e+00,8.047586677738729932e+00,4.293695105328100281e-01
3.000000000000000000e+00,2.899113145453274587e+00,2.842829882302497224e-01
3.000000000000000000e+00,1.023638766472499029e+01,9.896282904841491757e+01
3.000000000000000000e+00,1.317416959959462908e+01,2.869141880162059954e-01
3.000000000000000000e+00,2.864238828407526416e+00,1.908607990287136957e-01
3.000000000000000000e+00,8.295917182746475049e+00,7.317891528477908636e-02
3.000000000000000000e+00,7.864582135512931060e+00,2.285533141379794408e-01
3.000000000000000000e+00,2.799029193560550688e+00,1.376749067597649590e-01
3.000000000000000000e+00,1.038537676554529376e+01,9.310423827703272082e+01
3.000000000000000000e+00,4.385784367123623184e+00,2.070713546311994946e-01
3.000000000000000000e+00,3.172757870308751116e+00,1.979092675047856853e-01
3.000000000000000000e+00,2.040454787002338577e+01,4.840678190626118704e-01
3.000000000000000000e+00,2.383679174780838128e+00,4.595450733020017137e-02
3.000000000000000000e+00,8.047586677738738814e+00,4.293695105327973716e-01
3.000000000000000000e+00,8.027125312815883262e+00,1.323400300972413790e-01
3.000000000000000000e+00,5.278311549271274217e+00,5.535538996697689784e-01
3.000000000000000000e+00,1.582528324969613287e+01,9.466408639449125362e-02
3.000000000000000000e+00,2.478806702933213924e+00,2.385426432865722368e-01
3.000000000000000000e+00,2.883444886277773733e+00,9.425745120005825373e-02
3.000000000000000000e+00,5.873472288051478252e+00,5.826344768768842303e-02
3.000000000000000000e+00,3.571200952136688311e+00,1.101657969735428400e-01
3.000000000000000000e+00,5.559189333035964076e+00,3.678419342518294832e-01
3.000000000000000000e+00,4.902379359048107510e+00,9.180312319383844566e-02
3.000000000000000000e+00,1.586893540830373617e+01,1.753031436298477519e-01
3.000000000000000000e+00,2.631969697531248986e+00,5.940027899555216234e-02
3.000000000000000000e+00,3.803107654994146714e+00,3.731043213144759618e-01
3.000000000000000000e+00,6.131311974513080187e+00,1.461522715402199246e-01
3.000000000000000000e+00,2.233926629345240222e+00,1.457361848403411209e-01
3.000000000000000000e+00,1.023638766472499562e+01,9.896282910344565664e+01
3.000000000000000000e+00,1.084604226232938373e+01,4.176572874715370753e-01
3.000000000000000000e+00,2.957196326562612221e+00,1.188928748302301719e-01
3.000000000000000000e+00,3.706040821665793406e+00,2.362034016005441217e-01
3.000000000000000000e+00,4.268369701798160776e+00,1.771489367964444450e-01
3.000000000000000000e+00,6.321652941774693168e+00,2.401869923740730384e-01
3.000000000000000000e+00,2.280215969558154310e+00,9.158712678355132586e-02
3.000000000000000000e+00,6.500634501734800175e+00,1.095725517202086885e-01
3.000000000000000000e+00,7.646465627911572582e+00,3.107641682895297963e-01
3.000000000000000000e+00,3.259834964790270018e+00,8.430937374312878763e-02
3.000000000000000000e+00,7.130336157177173284e+00,3.319873845750652142e-01
3.000000000000000000e+00,1.812995171579317955e+01,1.770849488578723208e-01
3.000000000000000000e+00,4.654887492488925638e+00,5.215065050135826025e-02
3.000000000000000000e+00,1.037939381709154141e+01,1.803464642984642818e+00
3.000000000000000000e+00,9.827302106738427412e+00,1.220757779098086693e-01
3.000000000000000000e+00,3.683763567688974838e+00,1.572947839757913024e-01
3.000000000000000000e+00,3.176292301827654097e+00,1.056461608721003115e-01
3.000000000000000000e+00,1.297090726102180547e+01,3.277416334742201953e-01
3.000000000000000000e+00,4.385784367123619631e+00,2.070713546311991338e-01
3.000000000000000000e+00,2.653707220529579303e+00,8.459902592048269832e-02
3.000000000000000000e+00,2.164992007035814847e+00,1.061680749571695392e-01
3.000000000000000000e+00,8.540725852678725971e+00,1.777369424177068225e-01
3.000000000000000000e+00,1.129503384281396805e+01,2.520288709293165841e-01
3.000000000000000000e+00,3.604783660174863513e+00,2.727662537813773103e-01
3.000000000000000000e+00,1.201168722310870152e+01,2.819512083856168805e-01
3.000000000000000000e+00,6.061306881977853500e+00,1.741642655486134728e-01
3.000000000000000000e+00,5.474511836434396095e+00,1.348850646869014513e-01
3.000000000000000000e+00,8.295917182746498142e+00,7.317891528477767082e-02
3.000000000000000000e+00,6.131311974513080187e+00,1.461522715402189809e-01
3.000000000000000000e+00,3.784376323475028503e+00,2.724601588017061538e-01
3.000000000000000000e+00,1.207878055798636652e+01,1.463706084913445615e-01
3.000000000000000000e+00,5.763289452194332974e+00,1.542995116557772106e-01
3.000000000000000000e+00,2.166135569699433994e+00,1.255312412984403436e-01
4.000000000000000000e+00,2.505961769257307292e+00,1.348204603540065771e-01
4.000000000000000000e+00,8.356927897225604696e+00,1.931469390112743878e-01
4.000000000000000000e+00,2.258839442373152817e+00,4.857401053657148943e-02
4.000000000000000000e+00,2.714115371345747540e+00,1.756746862254696395e-01
4.000000000000000000e+00,2.145314479773487992e+00,1.529698383720228261e-01
4.000000000000000000e+00,3.499812359785032356e+00,2.540640288295177851e-01
4.000000000000000000e+00,2.291154264958978448e+00,1.150940455549145092e-01
4.000000000000000000e+00,2.825679633951145853e+00,3.095556810706171641e-02
4.000000000000000000e+00,2.314784260675031735e+00,7.731840117985540328e-02
4.000000000000000000e+00,2.481367835977816849e+00,2.507467834725626288e-01
4.000000000000000000e+00,5.423004450753775352e+00,3.735145222491711992e-01
4.000000000000000000e+00,3.745562712163163166e+00,2.089379017531283744e-01
4.000000000000000000e+00,2.230703214381839938e+00,1.273284369016396134e-01
4.000000000000000000e+00,8.848022383279843694e+00,1.462520556935179294e-01
4.000000000000000000e+00,3.168132219126783777e+00,1.052035288016216485e-01
4.000000000000000000e+00,3.985813480078320037e+00,1.277073540235497406e-01
4.000000000000000000e+00,2.661534714042666394e+00,1.046890835322536739e-01
4.000000000000000000e+00,2.348147903427985739e+00,1.825354240012898588e-01
4.000000000000000000e+00,2.667360394958754100e+00,1.327249754379869473e-01
4.000000000000000000e+00,3.085111433665789882e+00,1.057225265883353915e-01
4.000000000000000000e+00,2.200982225966269468e+00,8.590520829910761047e-02
4.000000000000000000e+00,1.987972245543659033e+00,1.377217429454679343e-01
4.000000000000000000e+00,2.789770430706039139e+00,1.507245364819732036e-01
4.000000000000000000e+00,8.476681959329637195e+00,9.394587051780347053e+01
4.000000000000000000e+00,2.261880789707654937e+00,9.623657414354927497e-02
4.000000000000000000e+00,8.282599814127856064e+00,1.922533089803543094e-01
4.000000000000000000e+00,2.937230524630771722e+00,1.798569566990761426e-01
4.000000000000000000e+00,2.425613650585489722e+00,3.961141509793771054e-02
4.000000000000000000e+00,2.865649628845645225e+00,1.145123660946403277e-01
4.000000000000000000e+00,5.045165289201767322e+00,1.491842031149731018e-01
4.000000000000000000e+00,2.587786816551129299e+00,1.964659018367453380e-01
4.000000000000000000e+00,3.515640383692660187e+00,2.748523006709814864e-01
4.000000000000000000e+00,2.177265400036051624e+00,1.795208266758923921e-01
4.000000000000000000e+00,5.027882952776302261e+00,1.441504534416085115e-01
4.000000000000000000e+00,2.929417402678123228e+00,1.751343330000931231e-01
4.000000000000000000e+00,1.971391684654024035e+00,1.647999775842571846e-01
4.000000000000000000e+00,7.216708366237747363e+00,2.999298223021562571e-01
4.000000000000000000e+00,1.233471494541517721e+01,2.377995729521372448e-01
4.000000000000000000e+00,2.146082956855313029e+00,7.034078996796640226e-02
4.000000000000000000e+00,3.419686581559086669e+00,3.148235110154212063e-02
4.000000000000000000e+00,2.615023876117904766e+00,1.705322901424164983e-01
4.000000000000000000e+00,1.315529588263320093e+01,9.319540534345733818e+01
4.000000000000000000e+00,2.075350236814223592e+00,9.271433712607704547e-02
4.000000000000000000e+00,5.978111878411399793e+00,1.372761116482593877e+02
4.000000000000000000e+00,2.496841569032027142e+00,1.877203763498196953e-01
4.000000000000000000e+00,3.519872669132157572e+00,1.083219869471584579e-01
4.000000000000000000e+00,2.049017185777096017e+00,8.951214336126349369e-02
4.000000000000000000e+00,3.458144689661751592e+00,1.066174642518413068e-01
4.000000000000000000e+00,2.644425236700759019e+00,1.035894425298532068e-01
4.000000000000000000e+00,6.059517240003813754e+00,1.459533259830931018e-01
4.000000000000000000e+00,5.151802624457036295e+00,1.242449505480167193e+00
4.000000000000000000e+00,1.905003421660831586e+00,1.785307047976833206e-01
4.000000000000000000e+00,1.887499918736190496e+00,2.154352984805392446e-01
4.000000000000000000e+00,7.201097684907533214e+00,1.510253648356793266e-01
4.000000000000000000e+00,2.531252920606602785e+00,1.182984181126001816e-01
4.000000000000000000e+00,4.438842704836674535e+00,9.198936727493546295e-01
4.000000000000000000e+00,2.677832672210910925e+00,1.021562316141296778e-01
4.000000000000000000e+00,1.833508119235548239e+00,8.984897578587569544e-02
4.000000000000000000e+00,2.661848854120634655e+00,1.158779281717518955e-01
4.000000000000000000e+00,2.054647758389246182e+00,1.575158460509681613e-01
4.000000000000000000e+00,2.866029468972266514e+00,1.398132895671042597e-01
4.000000000000000000e+00,3.890190974380269395e+00,1.910158812160222541e-01
4.000000000000000000e+00,3.775403968307031732e+00,1.334335690237141159e-01
4.000000000000000000e+00,2.206007777214489263e+00,1.084789397924314502e-01
4.000000000000000000e+00,3.114085550025293525e+00,8.891788813961098992e-02
4.000000000000000000e+00,3.641378639117617055e+00,8.016357583762714900e-02
4.000000000000000000e+00,3.513781348316955988e+00,5.968432580895041695e-02
4.000000000000000000e+00,4.705287661314529579e+00,2.001784055355857184e-01
4.000000000000000000e+00,2.193819139093723614e+00,6.196987885713188537e-02
4.000000000000000000e+00,3.186701735369321220e+00,8.693590402622546065e-02
4.000000000000000000e+00,2.488328558453743344e+00,9.463667001697041725e-02
4.000000000000000000e+00,2.450531692981812615e+00,1.335011533766164438e-01
4.000000000000000000e+00,2.475944471421288373e+00,1.315282123220595789e-01
4.000000000000000000e+00,2.444933233954365903e+00,1.427119868043348061e-01
4.000000000000000000e+00,6.114295826408689294e+00,1.717139401315944947e-01
4.000000000000000000e+00,5.747832367477557547e+00,1.392382045582880035e-01
4.000000000000000000e+00,5.019269798667862936e+00,2.273117818114211985e-01
4.000000000000000000e+00,2.946980870271385999e+00,9.945359091655343875e-02
4.000000000000000000e+00,2.588830345858563753e+00,1.221308444687094902e-01
4.000000000000000000e+00,3.816586870032834700e+00,2.683379347625394762e-01
4.000000000000000000e+00,2.657697699804172142e+00,2.125026025022724030e-01
4.000000000000000000e+00,5.780174568655781719e+00,7.187272012260816079e-02
4.000000000000000000e+00,2.431195950106598502e+00,1.311954087569843774e-01
4.000000000000000000e+00,2.211857144386256468e+00,7.452032290314948570e-02
4.000000000000000000e+00,2.144093617967605336e+00,1.753108658782377149e-01
4.000000000000000000e+00,2.011507738600605943e+00,1.412251150645522924e-01
4.000000000000000000e+00,2.259633761235050553e+00,3.230093945954797680e-02
4.000000000000000000e+00,2.201744159538653545e+00,1.547671462027172540e-01
4.000000000000000000e+00,3.875957566808089894e+00,1.317213956888157456e-01
4.000000000000000000e+00,2.402686758507908582e+00,1.832918338420358728e-01
4.000000000000000000e+00,4.558391194326592455e+00,6.727943239807909759e-02
4.000000000000000000e+00,3.849749162215140519e+00,7.530100273264420108e-02
4.000000000000000000e+00,2.973843878248008998e+00,1.796856127285897109e-01
4.000000000000000000e+00,2.513277091687490028e+00,8.022265598450106783e-02
4.000000000000000000e+00,2.241120712265721515e+00,8.302961054165716726e-02
4.000000000000000000e+00,2.138261185097268591e+00,1.733263492356321434e-01
4.000000000000000000e+00,3.738008869501647347e+00,2.207744045022900226e-01
4.000000000000000000e+00,3.791591169106981241e+00,1.046143941983159603e-01
4.000000000000000000e+00,2.421838461137611365e+00,1.835532945089587975e-01
4.000000000000000000e+00,2.355561762768362488e+00,4.250538373838497197e-02
4.000000000000000000e+00,2.234286651055499728e+00,1.030653524712114300e-01
4.000000000000000000e+00,2.146343375090082883e+00,2.042628160514210478e-01
4.000000000000000000e+00,2.521209833742844797e+00,7.884764481148764936e-02
4.000000000000000000e+00,2.438847118215965448e+00,1.559478101689969753e-01
4.000000000000000000e+00,2.550689930819027396e+00,2.236813036098416474e-01
4.000000000000000000e+00,2.260236703966099991e+00,9.425571189339250477e-02
4.000000000000000000e+00,4.305625091172710306e+00,1.609132652061744106e-01
4.000000000000000000e+00,6.380098606718355825e+00,1.715698817816661004e-01
4.000000000000000000e+00,3.255310359932967579e+00,1.667671407822880481e-01
4.000000000000000000e+00,3.687804767712768328e+00,1.851748723260082663e-01
4.000000000000000000e+00,7.205663545668440584e+00,9.714676447963470352e-02
4.000000000000000000e+00,4.202939057692195668e+00,1.163252098867149869e+02
4.000000000000000000e+00,2.333347600335546002e+00,1.215578108450754979e-01
4.000000000000000000e+00,1.677205869439643138e+01,2.812081398817015687e-01
4.000000000000000000e+00,8.355483520051636859e+00,9.543839820743545488e+01
4.000000000000000000e+00,2.219484055350624985e+00,1.470512954756208468e-01
4.000000000000000000e+00,2.076924980317985447e+00,8.051518317500885868e-02
4.000000000000000000e+00,3.339352859818331964e+00,1.240312523772031800e-01
4.000000000000000000e+00,3.379346001069308159e+00,1.157613519096668264e-01
4.000000000000000000e+00,4.400875870877826834e+00,2.122900335487480084e-01
4.000000000000000000e+00,2.204378135124924754e+00,8.330181339570121024e-02
4.000000000000000000e+00,4.593041668049751891e+00,9.344265622525735338e-02
4.000000000000000000e+00,5.499957270121912600e+00,1.681093840658466620e-01
4.000000000000000000e+00,3.937771155164911718e+00,1.422536388340877311e-01
4.000000000000000000e+00,2.246577518014484465e+00,1.581517967678994496e-01
4.000000000000000000e+00,2.352972704590095443e+00,1.872945498989219415e-01
4.000000000000000000e+00,2.906192821173118279e+00,8.508499326528670692e-02
4.000000000000000000e+00,5.907301757967184841e+01,1.739525161527271657e-01
4.000000000000000000e+00,2.179080247241283796e+00,1.466070741637568453e-01
4.000000000000000000e+00,2.694724110621812052e+00,1.263962269575393815e-01
4.000000000000000000e+00,2.304628550529469244e+00,1.995738594394977639e-01
4.000000000000000000e+00,4.379678857902341349e+00,1.554731699128278910e-01
4.000000000000000000e+00,2.143834882648419260e+00,9.190160265343061408e-02
4.000000000000000000e+00,3.399524476284140118e+00,8.671676648788304020e-02
4.000000000000000000e+00,1.751848265059338994e+00,1.003651528578144297e-01
4.000000000000000000e+00,3.457253236062491020e+00,7.313151114688254406e-02
4.000000000000000000e+00,2.714256526888352727e+00,6.721761550476446079e-02
4.000000000000000000e+00,2.914178455594226946e+00,1.108067662206045634e-01
4.000000000000000000e+00,5.890784421768930912e+00,1.884058197642767829e-01
4.000000000000000000e+00,8.148807996239549212e+00,1.286988689115833306e-01
4.000000000000000000e+00,3.890190974380268063e+00,1.910158812160226149e-01
4.000000000000000000e+00,3.552933798209433558e+00,9.279833140532864344e-02
4.000000000000000000e+00,1.967596870430328604e+00,1.439819137107007929e-01
4.000000000000000000e+00,2.569991459810446521e+00,1.361581442760392280e-01
4.000000000000000000e+00,7.647671768690843308e+00,1.358604521290296130e-01
4.000000000000000000e+00,2.287260182716306822e+00,1.674210661743935069e-01
4.000000000000000000e+00,2.334226481108713003e+00,1.704935917100721676e-01
4.000000000000000000e+00,2.470676240375435651e+00,3.305044046060465202e-01
4.000000000000000000e+00,1.081976710604853942e+01,2.637227398584589544e-01
4.000000000000000000e+00,3.571996377187140581e+01,1.918075903657343595e-01
4.000000000000000000e+00,7.028021841841452400e+00,2.974863334120742553e-01
4.000000000000000000e+00,3.059425543126502500e+00,9.615191652738616646e-02
4.000000000000000000e+00,4.263363890156911751e+00,3.665033370143401803e-01
4.000000000000000000e+00,2.865649628845643893e+00,1.145123660946389815e-01
4.000000000000000000e+00,2.660609060054657249e+00,1.719014507120787960e-01
4.000000000000000000e+00,2.443777392757426448e+00,7.697282794040241627e-02
4.000000000000000000e+00,2.439588841110543971e+00,1.038386568236640134e-01
4.000000000000000000e+00,4.390959360963390345e+00,6.081207335720235918e-02
4.000000000000000000e+00,2.983813528041597607e+00,2.030221559367625106e-01
4.000000000000000000e+00,1.061101351056701603e+01,3.129691965565285505e-01
4.000000000000000000e+00,6.069872663694203752e+00,6.164431924802971779e-02
4.000000000000000000e+00,5.806304817665150608e+00,2.010536098867683752e-01
4.000000000000000000e+00,2.102202023489390559e+00,9.212762084902426096e-02
4.000000000000000000e+00,3.021231157473062812e+00,8.793205246812704767e-02
4.000000000000000000e+00,2.317086366495098471e+00,1.050951641957510868e-01
4.000000000000000000e+00,2.467384269373253058e+00,1.566939522023707565e-01
4.000000000000000000e+00,3.816026926497082972e+00,9.060409052175640021e-02
4.000000000000000000e+00,3.395620879274834802e+00,1.659366713140351668e-01
4.000000000000000000e+00,2.488462050580776186e+00,1.443866238299096605e-01
4.000000000000000000e+00,2.509048640905804373e+00,6.325035685722785184e-02
4.000000000000000000e+00,2.858138494092518300e+00,9.069334500242635932e-02
4.000000000000000000e+00,3.623089382841698569e+00,9.714272624741911166e-02
4.000000000000000000e+00,2.697055699434141474e+00,1.149863058839146190e-01
4.000000000000000000e+00,2.680644069711634714e+00,6.833705069015177935e-02
4.000000000000000000e+00,2.119760073099512976e+00,1.931628778446301264e-01
4.000000000000000000e+00,3.014310326968185905e+00,1.137113744406442611e-01
4.000000000000000000e+00,2.303700902726628197e+00,1.032592796274756503e-01
4.000000000000000000e+00,3.727434961342953379e+00,1.509927847377027788e-01
4.000000000000000000e+00,4.991057179046404890e+00,2.070905554330773612e-01
4.000000000000000000e+00,2.196897694458881833e+00,2.042959297277192887e-01
4.000000000000000000e+00,3.122204119396808419e+00,1.550016952114789681e-01
4.000000000000000000e+00,5.498143425969063358e+00,7.861382131730424438e-01
4.000000000000000000e+00,2.878719779569435477e+00,9.451891186418201474e-02
4.000000000000000000e+00,3.980105645445672913e+00,8.718489381921870618e-02
4.000000000000000000e+00,2.594270248458314221e+00,1.136570564147786483e-01
4.000000000000000000e+00,2.552918396402090284e+00,1.430843578418480588e-01
4.000000000000000000e+00,3.157539743774671059e+00,1.337175515848548213e-01
4.000000000000000000e+00,3.989914632244280224e+00,1.391675025852819325e-01
4.000000000000000000e+00,2.605963293590508378e+00,7.826607807838659170e-02
4.000000000000000000e+00,4.877754913513723700e+00,9.768437586284048346e-02
4.000000000000000000e+00,2.939586883013594054e+00,2.214697981531882076e-01
4.000000000000000000e+00,1.947534921880222702e+00,1.058810853085513232e-01
4.000000000000000000e+00,6.634616384747069162e+00,1.458817145468488952e-01
4.000000000000000000e+00,3.844666092850854255e+00,7.616407544919545636e-02
4.000000000000000000e+00,2.353980266900024265e+00,9.981449345222734304e-02
4.000000000000000000e+00,2.640843405681444267e+00,9.266381167159369603e-02
4.000000000000000000e+00,2.988750275430870573e+00,1.426549445632865065e-01
4.000000000000000000e+00,3.127397239252801331e+00,2.044523431861279827e-01
4.000000000000000000e+00,3.560598425158812308e+00,2.385752131896085593e-01
4.000000000000000000e+00,8.301260185154731630e+00,1.274600857373839324e-01
4.000000000000000000e+00,2.248315342981291209e+00,1.975193024817112342e-01
4.000000000000000000e+00,2.426767860253271625e+00,8.871053671785726624e-02
4.000000000000000000e+00,2.328921589020354954e+00,1.681987491885200137e-01
4.000000000000000000e+00,1.986079561709730879e+00,1.512584010278478497e-01
4.000000000000000000e+00,5.832453564105218646e+00,9.778446185403377910e+01
4.000000000000000000e+00,2.495241084426319755e+00,2.366278479170242366e-01
4.000000000000000000e+00,4.181422531508944829e+00,2.512922257341790311e-01
4.000000000000000000e+00,1.149550766965725401e+01,1.859564003107186114e-01
4.000000000000000000e+00,2.277486681454800710e+00,1.582472588996819141e-01
4.000000000000000000e+00,2.193819139093723614e+00,6.196987885713216293e-02
4.000000000000000000e+00,2.629987154335077015e+00,1.170492255124785941e-01
4.000000000000000000e+00,4.485425322421721539e+00,1.232381740024962868e-01
4.000000000000000000e+00,2.389245583752042545e+00,9.928811798598645433e-02
4.000000000000000000e+00,2.652201995470304219e+00,1.841047883772157223e-01
4.000000000000000000e+00,4.036622603474304682e+00,1.986120971632666654e-01
4.000000000000000000e+00,3.275354240837941244e+00,1.346416129850752652e-01
4.000000000000000000e+00,2.550689930819026952e+00,2.236813036098412311e-01
4.000000000000000000e+00,5.129684672170863102e+00,2.169101397015571475e-01
4.000000000000000000e+00,3.763749349728839899e+00,8.501668857511698874e-02
4.000000000000000000e+00,3.709294148009922854e+00,1.731997657681939307e-01
5.000000000000000000e+00,4.569167997446224483e+00,1.515076475524423094e-01
5.000000000000000000e+00,3.347734368957814510e+00,2.322201790510220465e-01
5.000000000000000000e+00,2.300775171865801383e+00,3.989953817862202518e-02
5.000000000000000000e+00,5.504580881724451480e+00,1.305635500797236448e-01
5.000000000000000000e+00,2.591479755738472779e+00,8.424638272551390750e-02
5.000000000000000000e+00,3.731432646078226778e+00,4.591598946097470019e-02
5.000000000000000000e+00,2.616497490034303652e+00,7.180508182496707359e-02
5.000000000000000000e+00,2.643497748509316736e+00,7.159803555790941743e-02
5.000000000000000000e+00,3.008683632986369094e+00,1.006209983847610179e-01
5.000000000000000000e+00,4.003638029605220972e+00,2.148241299173730134e-01
5.000000000000000000e+00,3.153173265249165524e+00,1.712645013587041909e-01
5.000000000000000000e+00,2.067780102727645897e+00,9.306792931372684374e-02
5.000000000000000000e+00,1.929882084945736542e+00,1.642278353242362376e-01
5.000000000000000000e+00,1.912779347163731991e+00,6.944903630984870790e-02
5.000000000000000000e+00,2.112148560488197102e+00,1.162258836060091199e-01
5.000000000000000000e+00,7.708792455126665999e+00,2.832443961209769601e-01
5.000000000000000000e+00,2.951271805145177840e+00,1.075017293408463692e-01
5.000000000000000000e+00,2.680975201560320986e+00,2.234038609320272706e-01
5.000000000000000000e+00,3.674976351264430452e+00,1.170162834191211393e-01
5.000000000000000000e+00,2.277745243475783887e+00,1.365724259417972208e-01
5.000000000000000000e+00,4.995488674171582488e+00,1.242595342781051687e-01
5.000000000000000000e+00,2.496966793038161381e+00,1.046092154245293060e-01
5.000000000000000000e+00,3.181382378585602577e+00,8.444623863787238671e-02
5.000000000000000000e+00,2.196091896325323756e+00,6.958014295860989740e-02
5.000000000000000000e+00,2.323825407067979576e+00,7.936678865807983430e-02
5.000000000000000000e+00,2.414765268701868361e+00,1.115762030001063720e-01
5.000000000000000000e+00,1.858725203040880070e+00,1.947358074703490205e-01
5.000000000000000000e+00,4.137198143872520717e+00,1.124368519846343367e-01
5.000000000000000000e+00,5.267558547248762046e+00,2.004857203299031665e-01
5.000000000000000000e+00,2.731756209026826365e+00,1.980896129840241382e-01
5.000000000000000000e+00,2.229538897365027861e+00,9.660704211615951664e-02
5.000000000000000000e+00,2.896569322666611601e+00,9.996042774212104964e-02
5.000000000000000000e+00,3.204903609101926065e+00,8.981812365531917364e-02
5.000000000000000000e+00,2.901933308646455600e+00,7.071047347075810896e-02
5.000000000000000000e+00,3.883648354149644710e+00,9.525195501158720268e-02
5.000000000000000000e+00,4.703255005706203029e+00,1.207680451699480739e-01
5.000000000000000000e+00,3.085407335203489865e+00,8.855904229899660973e-02
5.000000000000000000e+00,2.016975907019872505e+00,1.867949632054717035e-01
5.000000000000000000e+00,2.502109813255095627e+00,1.306443271545304208e-01
5.000000000000000000e+00,3.330839125906520870e+00,8.764647348106237301e-02
5.000000000000000000e+00,2.240592809838614752e+00,1.776403857322577662e-01
5.000000000000000000e+00,3.817916256177582568e+00,9.290805475081398423e-02
5.000000000000000000e+00,3.425763696049721752e+00,1.804955698248180973e-01
5.000000000000000000e+00,2.218028423501568813e+00,8.989578011729931761e-02
5.000000000000000000e+00,2.802919111679404107e+00,8.795234734750370653e-02
5.000000000000000000e+00,2.552943081422184957e+00,9.969535064003404168e-02
5.000000000000000000e+00,2.525408789944182608e+00,8.065663705580701504e-02
5.000000000000000000e+00,2.946402052688304352e+00,5.020721132888392169e-02
5.000000000000000000e+00,2.397691642544186319e+00,5.698548826678265233e-02
5.000000000000000000e+00,3.591477934186678933e+00,7.598806396641918925e-02
5.000000000000000000e+00,3.408435296413170779e+00,1.652419716174440556e-01
5.000000000000000000e+00,2.389863169476345917e+00,6.448342488016862994e-02
5.000000000000000000e+00,1.855288613670035058e+00,1.169261782477080958e-01
5.000000000000000000e+00,2.558396240569754898e+00,3.494080931002017942e-02
5.000000000000000000e+00,2.756076282238812070e+00,1.294994510533251375e-01
5.000000000000000000e+00,3.512955424619062406e+00,1.022351201285777167e-01
5.000000000000000000e+00,2.545441706809259408e+00,1.417624505609533236e-01
5.000000000000000000e+00,2.605612815747063937e+00,1.628264073588202299e-01
5.000000000000000000e+00,1.968213132876167615e+00,1.688528439423565564e-01
5.000000000000000000e+00,3.946341840448299720e+00,7.987386008152323746e-02
5.000000000000000000e+00,2.427401108408728803e+00,8.661192240298647149e-02
5.000000000000000000e+00,1.959031245910434649e+00,1.115124994141202669e-01
5.000000000000000000e+00,5.518354678014612880e+00,6.674450117114536507e-01
5.000000000000000000e+00,6.071713225471961017e+00,8.824249957999807936e-02
5.000000000000000000e+00,3.013409877548360427e+00,6.827327090379768648e-02
5.000000000000000000e+00,2.772350245288970338e+00,1.048167835968459860e-01
5.000000000000000000e+00,7.012589600186443839e+00,1.990299066374731918e-01
5.000000000000000000e+00,4.749516756397014206e+00,1.499125990411884490e-01
5.000000000000000000e+00,4.868459575684509488e+00,3.193829700517301640e-01
5.000000000000000000e+00,4.857197379179297947e+00,6.629998677478217417e-02
5.000000000000000000e+00,2.269877853084124819e+00,1.237521912553599529e-01
5.000000000000000000e+00,2.155327414245965745e+00,7.264816095914472527e-02
5.000000000000000000e+00,2.598522444725874347e+00,2.015297733593587048e-01
5.000000000000000000e+00,2.133812236445202348e+00,1.309782186023591422e-01
5.000000000000000000e+00,4.708752974632802513e+00,8.789774881675958829e-02
5.000000000000000000e+00,3.469626239754263430e+00,1.153213490289635296e-01
5.000000000000000000e+00,4.190325479147144705e+00,1.594985914873175148e-01
5.000000000000000000e+00,4.248901760692452179e+00,1.526191855282960919e-01
5.000000000000000000e+00,5.929999266056754870e+00,1.610858340472162420e-01
5.000000000000000000e+00,2.090839733430487346e+00,1.089086653517212649e-01
5.000000000000000000e+00,1.837745531490699857e+00,8.614081421981915898e-02
5.000000000000000000e+00,3.241339724115695375e+00,1.986264445671332979e-01
5.000000000000000000e+00,2.231095020423301989e+00,3.053147324722277345e-02
5.000000000000000000e+00,2.724334386315971024e+00,1.165505135287988742e-01
5.000000000000000000e+00,2.112148560488197546e+00,1.162258836060090783e-01
5.000000000000000000e+00,1.870312993530796497e+00,4.559424249334274176e-02
5.000000000000000000e+00,2.005586009884813503e+00,7.120575483688380836e-02
5.000000000000000000e+00,2.833438169229966164e+00,1.213131853310502606e-01
5.000000000000000000e+00,2.499944796168996231e+00,1.390770523300943751e-01
5.000000000000000000e+00,3.672284159703702144e+00,1.614918657804948476e-01
5.000000000000000000e+00,2.462029946382265244e+00,9.830711759456081666e-02
5.000000000000000000e+00,3.393913180348018699e+00,1.999378906274179024e-01
5.000000000000000000e+00,3.216320345838967754e+00,9.382938493330904295e-02
5.000000000000000000e+00,2.083159870955057169e+00,9.793966396977747679e-02
5.000000000000000000e+00,2.425142518477747533e+00,9.974152217361605122e-02
5.000000000000000000e+00,3.520432929373725983e+00,1.257658053641847462e-01
5.000000000000000000e+00,2.374951548131187362e+00,1.444301238204802329e-01
5.000000000000000000e+00,2.935033816010657493e+00,7.250008232398501284e-02
5.000000000000000000e+00,4.578762069981111793e+00,2.414513964946301272e-01
5.000000000000000000e+00,2.276547268317365535e+00,1.149575551366503329e-01
5.000000000000000000e+00,2.161009340849056937e+00,1.049691640916179669e-01
5.000000000000000000e+00,2.405250609331923251e+00,8.285657015573344442e-02
5.000000000000000000e+00,2.077159296100346886e+00,1.062332293948291678e-01
5.000000000000000000e+00,6.459395441216591927e+00,2.315167507397349611e-01
5.000000000000000000e+00,1.871607664592202180e+00,7.511013515089214054e-02
5.000000000000000000e+00,4.042506871027401694e+00,1.504173187419827751e-01
5.000000000000000000e+00,2.093981332702983256e+00,7.087344899604663961e-02
5.000000000000000000e+00,2.595392234169024981e+00,5.596185437844077015e-02
5.000000000000000000e+00,3.457077646806697491e+00,1.793665571555561888e-01
5.000000000000000000e+00,3.924831168006672755e+00,2.306972024375099350e-01
5.000000000000000000e+00,3.418981001078557291e+00,1.739187349065984267e-01
5.000000000000000000e+00,3.435736141599067928e+00,1.491573815171228223e-01
5.000000000000000000e+00,3.228601660172553789e+00,1.116264619585382450e-01
5.000000000000000000e+00,1.794692257513635480e+00,7.078835701419487758e-02
5.000000000000000000e+00,2.055230278689240908e+00,1.747333620616997249e-02
5.000000000000000000e+00,2.901496505961364214e+00,2.066197687205279243e-01
5.000000000000000000e+00,9.333105867781467779e+00,7.160721056950369867e-01
5.000000000000000000e+00,3.052490124027895213e+00,6.274199310429377785e-02
5.000000000000000000e+00,2.220760769237566379e+00,1.011871569648394170e-01
5.000000000000000000e+00,1.865515533195992726e+00,1.033716687239586290e-01
5.000000000000000000e+00,2.483626055544931877e+00,1.045566346715913336e-01
5.000000000000000000e+00,2.187765044619559340e+00,5.395558015140385771e-02
5.000000000000000000e+00,2.346032949675257662e+00,1.463544572039392477e-01
5.000000000000000000e+00,2.175054989058243127e+00,4.874233065523000258e-02
5.000000000000000000e+00,2.211018790874616169e+00,8.374599620324761629e-02
5.000000000000000000e+00,2.465555693323564501e+00,1.778334895552353967e-01
5.000000000000000000e+00,2.493952666990832956e+00,1.205194413371079021e-01
5.000000000000000000e+00,2.118301013167272817e+00,9.841980749830078756e-02
5.000000000000000000e+00,2.181518552592915494e+00,1.564795680591757332e-01
5.000000000000000000e+00,2.643659094032853041e+00,8.596559441587105221e-02
5.000000000000000000e+00,4.126194479210224308e+00,7.015381835050019110e-02
5.000000000000000000e+00,4.864356122771456903e+00,8.399412022464627925e-02
5.000000000000000000e+00,2.768045967908061566e+00,1.482650520565605146e-01
5.000000000000000000e+00,4.838772016586343483e+00,2.824447690974745129e-01
5.000000000000000000e+00,2.272184397186486571e+00,1.023063072084534064e-01
5.000000000000000000e+00,2.482315307417321648e+00,1.312826044601579922e-01
5.000000000000000000e+00,2.952009986289096943e+00,2.847767902479220181e-01
5.000000000000000000e+00,2.337870089839673149e+00,6.270540188877556098e-02
5.000000000000000000e+00,3.740844809708598451e+00,2.038665053079977696e-01
5.000000000000000000e+00,6.350280364457694837e+00,2.137716390602672212e-01
5.000000000000000000e+00,3.145631020764871444e+00,8.584974917690514629e-02
5.000000000000000000e+00,3.229956233285955491e+00,2.301897022654900982e-01
5.000000000000000000e+00,2.082806370625300829e+00,1.205524386343701654e-01
5.000000000000000000e+00,2.262919767479024902e+00,1.618120606314993049e-01
5.000000000000000000e+00,2.233418259132258221e+00,1.389765217921015150e-01
5.000000000000000000e+00,3.131549783874273629e+00,1.226284102047296432e-01
5.000000000000000000e+00,2.584024791874979687e+00,1.474311795894819033e-01
5.000000000000000000e+00,3.830878738767078850e+00,5.934933669121484484e-02
5.000000000000000000e+00,2.232711236012536293e+00,2.207389160171279174e-01
5.000000000000000000e+00,2.781604073009332101e+00,1.028566087305637367e-01
5.000000000000000000e+00,6.817400875473496491e+00,3.816891126587484417e-01
5.000000000000000000e+00,3.186786809951053456e+00,1.288042627145596364e-01
5.000000000000000000e+00,2.998200234023037591e+00,7.631890081128508974e-02
5.000000000000000000e+00,2.389432150324271920e+00,1.360953941740519479e-01
5.000000000000000000e+00,3.048506365770792481e+00,1.886710325269305988e-01
5.000000000000000000e+00,3.772419301408860282e+00,1.283637038549372833e-01
5.000000000000000000e+00,3.196590976472913681e+00,2.635055244751840359e-02
5.000000000000000000e+00,3.450342713895395264e+00,7.210083876898398803e-02
5.000000000000000000e+00,3.695227580195650674e+00,2.399332422246440444e-01
5.000000000000000000e+00,1.876024062983013829e+00,6.824957803227475750e-02
5.000000000000000000e+00,4.459254983495009483e+00,2.351409925183493288e-01
5.000000000000000000e+00,2.334732120768550967e+00,1.375827360039008351e-01
5.000000000000000000e+00,4.161946171783581505e+00,2.150327417346914183e-01
5.000000000000000000e+00,1.102923996273720419e+01,9.336194398780715176e+01
5.000000000000000000e+00,3.555101518804276051e+00,9.891063852397312395e-02
5.000000000000000000e+00,2.927234845981339539e+00,7.076557566373274655e-02
5.000000000000000000e+00,2.315237189344690361e+00,7.412877109284801702e-02
5.000000000000000000e+00,3.848625804761930169e+00,2.285496627487697829e-01
5.000000000000000000e+00,2.463392839096741671e+00,2.154495852683770696e-01
5.000000000000000000e+00,3.060628834674382848e+00,1.272805252718394453e-01
5.000000000000000000e+00,2.132076447246082918e+00,1.216484719201928327e-01
5.000000000000000000e+00,2.235346862415971803e+00,2.009161557066957149e-01
5.000000000000000000e+00,3.045327500548776545e+00,6.319699651614220370e-02
5.000000000000000000e+00,6.062325942439813709e+00,2.135164808822823390e-01
5.000000000000000000e+00,1.792215481865989446e+00,6.275794033929690818e-02
5.000000000000000000e+00,2.717084735119264849e+00,1.616647945264650665e-01
5.000000000000000000e+00,2.761359127705112826e+00,6.229243366225133832e-02
5.000000000000000000e+00,3.582388528211323031e+00,9.146118591449031721e-02
5.000000000000000000e+00,3.082671679879862126e+00,1.055661419251290450e-01
5.000000000000000000e+00,3.126493319664122250e+00,4.187122656643250257e-02
5.000000000000000000e+00,2.403754890241098785e+00,1.470880632111399300e-01
5.000000000000000000e+00,2.820568269658421556e+00,6.897135477914541346e-02
5.000000000000000000e+00,3.981680777981424502e+00,2.772018829762043154e-02
5.000000000000000000e+00,2.378574133992487294e+00,1.481877291080940517e-01
5.000000000000000000e+00,2.385274587391124079e+00,6.493584336522072176e-02
5.000000000000000000e+00,2.845412655814605341e+00,1.360072139322265616e-01
5.000000000000000000e+00,2.392459876752628389e+00,7.225589889734036764e-02
5.000000000000000000e+00,1.886179865143198020e+00,9.260257614617024846e-02
5.000000000000000000e+00,4.108348116476443046e+00,1.170407729817196929e-01
5.000000000000000000e+00,3.018830517436013938e+00,1.315462826675910524e-01
5.000000000000000000e+00,2.735403976917629709e+00,1.730854112140558509e-01
5.000000000000000000e+00,3.644877086013002199e+00,7.806305062518738291e-02
5.000000000000000000e+00,2.565529958517492215e+00,1.903875243972563136e-01
5.000000000000000000e+00,2.741308100440226436e+00,1.038258710123476786e-01
5.000000000000000000e+00,2.170347368628487761e+00,1.576558479812479596e-01
5.000000000000000000e+00,2.976587825483829608e+00,1.266832305519209334e-01
5.000000000000000000e+00,3.870556806734986921e+00,1.104945085428735707e-01
5.000000000000000000e+00,2.132076447246081585e+00,1.216484719201918890e-01
5.000000000000000000e+00,2.107055326462218492e+00,5.227278118997020356e-02
5.000000000000000000e+00,5.101253112463572492e+00,1.647109074599721612e-01
5.000000000000000000e+00,6.224861426789389363e+00,1.971341734305585291e-01
5.000000000000000000e+00,2.173479493786426353e+00,1.085322892156531105e-01
5.000000000000000000e+00,4.221955856248492900e+00,1.211362614729964982e-01
5.000000000000000000e+00,2.250040203080292400e+00,9.309454218079635246e-02
5.000000000000000000e+00,3.053737342078269634e+00,1.443646050177059270e-01
5.000000000000000000e+00,2.716593694162455552e+00,9.843837294653991210e-02
5.000000000000000000e+00,2.919190976102698620e+00,6.911227565425329122e-02
5.000000000000000000e+00,4.225857805570720771e+00,8.006751857662634808e-02
5.000000000000000000e+00,2.407342297882135274e+00,1.354807718824428131e-01
5.000000000000000000e+00,4.275940447794299715e+00,1.680600076191713643e-01
5.000000000000000000e+00,2.398949484054870851e+00,4.644033816406496068e-02
5.000000000000000000e+00,4.695186709163396088e+00,2.009707176459457900e-01
5.000000000000000000e+00,4.813753546844947273e+00,3.975163247500291819e-01
5.000000000000000000e+00,2.012832798081440444e+00,1.430099029260761268e-01
5.000000000000000000e+00,2.760880032482750490e+00,5.059175414862313730e-02
5.000000000000000000e+00,5.355363939956480301e+00,9.999550070087426246e-02
5.000000000000000000e+00,2.563060509679019106e+00,9.931888303772626325e-02
5.000000000000000000e+00,2.347160847322243171e+00,5.025237715980498260e-02
5.000000000000000000e+00,2.146973745056417915e+00,1.119280228639434188e-01
5.000000000000000000e+00,2.183264703242316251e+00,8.907509343535294222e-02
6.000000000000000000e+00,2.014868605039195071e+00,1.471080574760302295e-01
6.000000000000000000e+00,2.088760294274787821e+00,1.103020015481480792e-01
6.000000000000000000e+00,2.194276109407551356e+00,8.833473760104199046e-02
6.000000000000000000e+00,2.333527074203197049e+00,7.148428142740963220e-02
6.000000000000000000e+00,2.367949610170756003e+00,1.194026488962808413e-01
6.000000000000000000e+00,3.283651384017784558e+00,1.465077977074551452e-01
6.000000000000000000e+00,2.620044554176635287e+00,1.082932176378659933e-01
6.000000000000000000e+00,2.116244986572462849e+00,7.858111529974164122e-02
6.000000000000000000e+00,2.691075406308300444e+00,1.236159772904572990e-01
6.000000000000000000e+00,2.023862531854000668e+00,9.603601386384304217e-02
6.000000000000000000e+00,1.926067192592486821e+00,2.325435531025355496e-01
6.000000000000000000e+00,1.804489747452019843e+00,1.204686927880620623e-01
6.000000000000000000e+00,2.681149990831374730e+00,1.334715613626805131e-01
6.000000000000000000e+00,2.401505334688069926e+00,5.717055370077503418e-02
6.000000000000000000e+00,2.029789968196412442e+00,8.070488101031687844e-02
6.000000000000000000e+00,1.855214139011373664e+00,1.932040936941799847e-01
6.000000000000000000e+00,1.781781182830597610e+00,7.911051767891483233e-02
6.000000000000000000e+00,3.075980322188974991e+00,1.047819610229724224e-01
6.000000000000000000e+00,2.452620303385493195e+00,1.467586377969349876e-01
6.000000000000000000e+00,2.192544858825361320e+00,1.720539130014334395e-01
6.000000000000000000e+00,2.046317548246741946e+00,5.160594543209436058e-02
6.000000000000000000e+00,2.732376137749688016e+00,6.719551409863892821e-02
6.000000000000000000e+00,3.334677943269527489e+00,1.532704011592600224e-01
6.000000000000000000e+00,3.808665166834902749e+00,1.591870292071428383e-01
6.000000000000000000e+00,2.367026139897810300e+00,5.594511848925664416e-02
6.000000000000000000e+00,1.892467628467866758e+00,1.290819135910099835e-01
6.000000000000000000e+00,6.039034732888592494e+00,1.122233922611900914e+00
6.000000000000000000e+00,2.985475483847768174e+00,1.794192183137600094e-01
6.000000000000000000e+00,2.899810020231482266e+00,3.213744189927408151e-02
6.000000000000000000e+00,2.258307006659798777e+00,1.071867175262317951e-01
6.000000000000000000e+00,2.715038688487887875e+00,1.027532441826701642e-01
6.000000000000000000e+00,2.637575410729442904e+00,6.519826357421405760e-02
6.000000000000000000e+00,2.238833768998458318e+00,1.276670890420101567e-01
6.000000000000000000e+00,2.639488751250528065e+00,1.559389330460209944e-01
6.000000000000000000e+00,2.660398629117649794e+00,1.188368902703558772e-01
6.000000000000000000e+00,2.702663672932399397e+00,8.343685536409808923e-02
6.000000000000000000e+00,2.159777237200334543e+00,1.143962871910439161e-01
6.000000000000000000e+00,1.973632634229690375e+00,7.695262570844758898e-02
6.000000000000000000e+00,3.619740646485193558e+00,1.370990179422834632e-01
6.000000000000000000e+00,2.520361748807678826e+00,1.685891963782586433e-01
6.000000000000000000e+00,1.917576799462516579e+00,5.192658248293761242e-02
6.000000000000000000e+00,2.054967675858872411e+00,6.064855168807475189e-02
6.000000000000000000e+00,2.930740648394051462e+00,1.895886664521025389e-01
6.000000000000000000e+00,2.829682269917441317e+00,1.071864513419390208e-01
6.000000000000000000e+00,2.520724544455450022e+00,1.612824558931706398e-01
6.000000000000000000e+00,2.167866659752915925e+00,6.968918053959119452e-02
6.000000000000000000e+00,3.184323327963235251e+00,7.449039681127946066e-02
6.000000000000000000e+00,2.638406498137415124e+00,1.471238691663635523e-01
6.000000000000000000e+00,8.060112605273740627e+00,1.131670298958247778e-01
6.000000000000000000e+00,1.851878952903913023e+00,1.022397353464279124e-01
6.000000000000000000e+00,2.203813245691817801e+00,1.360948403947928043e-01
6.000000000000000000e+00,2.283964181931972703e+00,1.180914932857460992e-01
6.000000000000000000e+00,3.210008568243223781e+00,1.012140329004251466e-01
6.000000000000000000e+00,1.951506998742469134e+00,1.884613028850306293e-01
6.000000000000000000e+00,2.719550311160948919e+00,8.876570773580098883e-02
6.000000000000000000e+00,1.964315453911366083e+00,1.460453407912409296e-01
6.000000000000000000e+00,4.019733021153575336e+00,9.823025907960861169e-02
6.000000000000000000e+00,3.589522642617843040e+00,2.241414013698005414e-01
6.000000000000000000e+00,2.634662155968543917e+00,1.091520055352803997e-01
6.000000000000000000e+00,4.658515843792331523e+00,1.224976181458647811e-01
6.000000000000000000e+00,2.761079403123502640e+00,1.352760177525937635e-01
6.000000000000000000e+00,2.149350171258309405e+00,8.875103872517965675e-02
6.000000000000000000e+00,3.728817791161681328e+00,1.716227062479226961e-01
6.000000000000000000e+00,1.991557588568817483e+00,1.827633877156479847e-01
6.000000000000000000e+00,1.962270756367674007e+00,9.089382199251866412e-02
6.000000000000000000e+00,2.150111117234587255e+00,1.858514725779285837e-01
6.000000000000000000e+00,1.675316259262570107e+00,8.957212757546736959e-02
6.000000000000000000e+00,2.123428973812806042e+00,1.322695012510660684e-01
6.000000000000000000e+00,1.770045916577365430e+00,1.190299663038819622e-01
6.000000000000000000e+00,1.893196947028705113e+00,1.345997667916796758e-01
6.000000000000000000e+00,3.121189808095533813e+00,6.908972608243026114e-02
6.000000000000000000e+00,2.722464575096839479e+00,8.210530731095590229e-02
6.000000000000000000e+00,1.865080355691555836e+00,1.266786171937433203e-01
6.000000000000000000e+00,2.264122056898664415e+00,1.013756053728831624e-01
6.000000000000000000e+00,2.791766761857217283e+00,1.748717259016575043e-01
6.000000000000000000e+00,2.256580392491378539e+00,2.748344001601612727e-02
6.000000000000000000e+00,2.200215299474736153e+00,1.624192908811317726e-01
6.000000000000000000e+00,2.811902784275795320e+00,5.589832662071211183e-02
6.000000000000000000e+00,2.643188402184795116e+00,1.272434382586454804e-01
6.000000000000000000e+00,2.351271404456956038e+00,4.332244690389510516e-02
6.000000000000000000e+00,2.238833768998460094e+00,1.276670890420097682e-01
6.000000000000000000e+00,4.282111489440938890e+00,1.994017944956820720e-01
6.000000000000000000e+00,1.793517385954551013e+00,5.631667794387736764e-02
6.000000000000000000e+00,4.137392210820090455e+00,9.558996243538943338e-02
6.000000000000000000e+00,2.502106168198442226e+00,1.192240907964363383e-01
6.000000000000000000e+00,2.646614388375255089e+00,6.056790417084648853e-02
6.000000000000000000e+00,3.667784745047828920e+00,1.248455939182805952e-01
6.000000000000000000e+00,2.369302232318138302e+00,1.122796031394814875e-01
6.000000000000000000e+00,2.836693607777753368e+00,1.247432288647239151e-01
6.000000000000000000e+00,2.500881154472238688e+00,1.278667034347953368e-01
6.000000000000000000e+00,2.150992376048907140e+00,1.486618721556012268e-01
6.000000000000000000e+00,2.381195555345978487e+00,1.172724158631666125e-01
6.000000000000000000e+00,2.155219242047295758e+00,1.480828704192376499e-01
6.000000000000000000e+00,3.097595182421215121e+00,7.991785454200278638e-02
6.000000000000000000e+00,3.804151730017771182e+00,1.720181920995984826e-01
6.000000000000000000e+00,2.560179892868244433e+00,1.179823424129799042e-01
6.000000000000000000e+00,2.275760836661790076e+00,3.063035626120664059e-02
6.000000000000000000e+00,2.874114747457956920e+00,9.283917519589843237e-02
6.000000000000000000e+00,2.045327683765921556e+00,9.002263704368800024e-02
6.000000000000000000e+00,1.940898595113634384e+00,5.360759912342910605e-02
6.000000000000000000e+00,3.332244815050528608e+00,1.817314375098667278e-01
6.000000000000000000e+00,2.175070428866134886e+00,8.653719989243252586e-02
6.000000000000000000e+00,2.405397572223223257e+00,1.414577683149461362e-01
6.000000000000000000e+00,3.690331708671842126e+00,1.572330182707243340e-01
6.000000000000000000e+00,4.611103445942240420e+00,1.072585068848461304e-01
6.000000000000000000e+00,2.127874309096022376e+00,4.948896764192661779e-02
6.000000000000000000e+00,2.125946588497134027e+00,3.665492646674815141e-02
6.000000000000000000e+00,2.197689052953190725e+00,1.269932267498213307e-01
6.000000000000000000e+00,1.967287308305872173e+00,8.886135822968981024e-02
6.000000000000000000e+00,2.979461684070243255e+00,5.527552105319371439e-02
6.000000000000000000e+00,2.801031851837815001e+00,5.828020135714532396e-02
6.000000000000000000e+00,3.027857474932363235e+00,1.140923582952609316e-01
6.000000000000000000e+00,4.212248398865986232e+00,1.309871337776483402e-01
6.000000000000000000e+00,3.378224058026044307e+00,1.445416645682218448e-01
6.000000000000000000e+00,4.308804787964954919e+00,2.117769279737273802e-01
6.000000000000000000e+00,1.980470091451362213e+00,5.563892450071709211e-02
6.000000000000000000e+00,2.433429196294045749e+00,1.865813347608578365e-01
6.000000000000000000e+00,2.421834390810990723e+00,6.599933948539828121e-02
6.000000000000000000e+00,2.439443457468404741e+00,1.005098432737920877e-01
6.000000000000000000e+00,2.145348695353989310e+00,7.132568966267657795e-02
6.000000000000000000e+00,2.571339043673761093e+00,5.242785044474477379e-02
6.000000000000000000e+00,2.351321283101626136e+00,8.705593170691987293e-02
6.000000000000000000e+00,2.012329134715345802e+00,1.010897206628785516e-01
6.000000000000000000e+00,3.284489811227097711e+00,1.299884595783175334e-01
6.000000000000000000e+00,2.316413761314810582e+00,9.829417365838816201e-02
6.000000000000000000e+00,2.877017635106039695e+00,1.433312779540680815e-01
6.000000000000000000e+00,1.889649855084745145e+00,7.889791258305592359e-02
6.000000000000000000e+00,2.504223422441415714e+00,1.882562051166919992e-01
6.000000000000000000e+00,1.739834058776652759e+00,9.706405361524268749e-02
6.000000000000000000e+00,1.856282568054471227e+00,1.317039238976355497e-01
6.000000000000000000e+00,4.614139814727533206e+00,1.692449855902808387e-01
6.000000000000000000e+00,5.725567741370429786e+00,8.242462237030556693e-02
6.000000000000000000e+00,2.120063273182343000e+00,5.766297968130960905e-02
6.000000000000000000e+00,2.442662704273887986e+00,9.639198308991960007e-02
6.000000000000000000e+00,2.701485649763036623e+00,9.119840653614891268e-02
6.000000000000000000e+00,1.986770959642042422e+00,3.532613015308932319e-02
6.000000000000000000e+00,5.826019200797440512e+00,1.014312710475980817e-01
6.000000000000000000e+00,2.970121230773091980e+00,1.668302446996191568e-01
6.000000000000000000e+00,2.338592139463763875e+00,8.833769090406698443e-02
6.000000000000000000e+00,3.020937971648863130e+00,1.268356470455249962e-01
6.000000000000000000e+00,2.084474587521645716e+00,8.456941816073146323e-02
6.000000000000000000e+00,2.162616840676212515e+00,8.270251461784514091e-02
6.000000000000000000e+00,1.959889137305643736e+00,9.631572333958514365e-02
6.000000000000000000e+00,3.303235440664005207e+00,1.056620862120400961e-01
6.000000000000000000e+00,2.092204982617765996e+00,6.193153671845234853e-02
6.000000000000000000e+00,2.021869449132167151e+00,1.459439462393034570e-01
6.000000000000000000e+00,2.244504531723448437e+00,6.581127662110280996e-02
6.000000000000000000e+00,3.255183517640309443e+00,1.670400142340390526e-01
6.000000000000000000e+00,2.083190918284594240e+00,1.079518317345317668e-01
6.000000000000000000e+00,2.423783615370918021e+00,9.414294044186184707e-02
6.000000000000000000e+00,2.630415233898892424e+00,8.952968239812314488e-02
6.000000000000000000e+00,1.655556830340725982e+00,4.126850255539992601e-02
6.000000000000000000e+00,1.833795132477295864e+00,2.670837062296129924e-02
6.000000000000000000e+00,2.152623159057515334e+00,1.153629214543812065e-01
6.000000000000000000e+00,3.020066999511911821e+00,2.058378206197748472e-01
6.000000000000000000e+00,2.721791339323296643e+00,1.719864014827761356e-01
6.000000000000000000e+00,3.395908209864797023e+00,7.777124648427706510e-02
6.000000000000000000e+00,2.215906777465883604e+00,1.104778710519893348e-01
6.000000000000000000e+00,3.305967645307637870e+00,2.162248804140430303e-01
6.000000000000000000e+00,2.406892957217362294e+00,3.711874325949007791e-02
6.000000000000000000e+00,2.717304797109814984e+00,1.214896376826916369e-01
6.000000000000000000e+00,4.575723531889854812e+00,1.414360699245953146e-01
6.000000000000000000e+00,2.595230389061299991e+00,1.663976830926948147e-01
6.000000000000000000e+00,3.921054246556070044e+00,5.307153277336244812e-02
6.000000000000000000e+00,2.395413075986375429e+00,1.252127577355177102e-01
6.000000000000000000e+00,5.381034328321852023e+00,2.442470815840468712e-01
6.000000000000000000e+00,4.849607511802748405e+00,1.710942134694582450e-01
6.000000000000000000e+00,2.579280016977736345e+00,1.004761724243394966e-01
6.000000000000000000e+00,2.855536475125747042e+00,1.660912428518761599e-02
6.000000000000000000e+00,3.660645788237044673e+00,1.824816451200657053e-01
6.000000000000000000e+00,2.345107360578714051e+00,1.607570781318501951e-01
6.000000000000000000e+00,2.514537239217979447e+00,1.023246437339401099e-01
6.000000000000000000e+00,2.585648509327660882e+00,6.491235284440753650e-02
6.000000000000000000e+00,4.378228039986465703e+00,1.608760669691142453e-01
6.000000000000000000e+00,3.763216976525183277e+00,8.203461014277114993e-02
6.000000000000000000e+00,1.950566635152649164e+00,1.111989763156506494e-01
6.000000000000000000e+00,2.456767145020783527e+00,1.587506965851405161e-01
6.000000000000000000e+00,2.311270822772899081e+00,8.682019692756078044e-02
6.000000000000000000e+00,2.321879399321470583e+00,1.526313043093355248e-01
6.000000000000000000e+00,7.031872302958192655e+00,1.174470932662264044e-01
6.000000000000000000e+00,2.371221384546942090e+00,7.306668191071885587e-02
6.000000000000000000e+00,4.544633950133500022e+00,1.057612378218358018e-01
6.000000000000000000e+00,2.532762845865410561e+00,6.437916080242432615e-02
6.000000000000000000e+00,2.392604355674906369e+00,1.434038288186041676e-01
6.000000000000000000e+00,3.637096342380828684e+00,1.795021990847989746e-01
6.000000000000000000e+00,3.146790045799981783e+00,4.749164934939866661e-02
6.000000000000000000e+00,2.285190538336874688e+00,1.153972880622898128e-01
6.000000000000000000e+00,2.545555019586588141e+00,1.738958137586736341e-01
6.000000000000000000e+00,2.696314871993927387e+00,5.875790828520250503e-02
6.000000000000000000e+00,2.216792587103846301e+00,8.244613866102441790e-02
6.000000000000000000e+00,2.322634974917037187e+00,4.366964927548255132e-02
6.000000000000000000e+00,2.141722376103960990e+00,1.060389089254667044e-01
6.000000000000000000e+00,2.129084660445014432e+00,1.153656934351158375e-01
6.000000000000000000e+00,2.239911708333091944e+00,7.581024502645036800e-02
6.000000000000000000e+00,3.075581277986118689e+00,1.403714231871583951e-01
6.000000000000000000e+00,1.905989799643622806e+00,4.932522295936804524e-02
6.000000000000000000e+00,2.118954917054300058e+00,1.009806690222561226e-01
6.000000000000000000e+00,2.354390395747047116e+00,1.181539622233047510e-01
6.000000000000000000e+00,2.443137232388760793e+00,8.681806057988590564e-02
6.000000000000000000e+00,2.918045985449953417e+00,8.181537404396692359e-02
6.000000000000000000e+00,2.173908686448551286e+00,1.513221768673474188e-01
6.000000000000000000e+00,2.273367417609068131e+00,9.572525128240427783e-02
6.000000000000000000e+00,2.061814650113173997e+00,1.141935236912584029e-01
6.000000000000000000e+00,3.042211264500740420e+00,6.524776110388200157e-02
6.000000000000000000e+00,4.013434678420738422e+00,1.309882025554886809e-01
6.000000000000000000e+00,3.058156273303048955e+00,1.085062458630901561e-01
6.000000000000000000e+00,2.095912313267163096e+00,1.465771559334888563e-01
6.000000000000000000e+00,2.314764416835845662e+00,1.515624792058432868e-01
6.000000000000000000e+00,2.008710267213745571e+00,1.095813165258031213e-01
6.000000000000000000e+00,3.799182448065526962e+00,1.038508152663337458e-01
6.000000000000000000e+00,5.435252119075765442e+00,1.814081279266369640e-01
6.000000000000000000e+00,2.268993069569330778e+00,7.161075684687830123e-02
6.000000000000000000e+00,1.849338811539362082e+00,1.180826585874120843e-01
6.000000000000000000e+00,2.699231123587932490e+00,1.040461741982006139e-01
6.000000000000000000e+00,2.448257993808540256e+00,9.715716327712613232e-02
6.000000000000000000e+00,6.240331107017301093e+00,2.855535103489305615e-01
6.000000000000000000e+00,2.251506920892802466e+00,1.041502825127868931e-01
6.000000000000000000e+00,2.764858288439279388e+00,1.446901033036371020e-01
6.000000000000000000e+00,2.713898564303180994e+00,6.079896542633266704e-02
6.000000000000000000e+00,3.498836701092147283e+00,9.518758854595070484e-02